Season,Name,PlayerId,Team,K%,TBF,Stuff+,Age
2021,Francisco Mejía,642336,TBR,0,14,-11.1,25
2021,Josh Reddick,502210,ARI,0,5,-11.01882353,34
2021,Albert Almora Jr.,546991,NYM,0,6,9.1,27
2021,Anthony Bemboom,621532,LAA,0,7,15.12,31
2021,Austin Wynns,642851,BAL,0,4,20.42666667,30
2021,Jonathan Araúz,660620,BOS,0,5,21.04,22
2021,Bryan Holaday,592407,ARI,0,5,24.22,33
2021,Ronald Torreyes,591720,PHI,0.07142857,14,28.06529412,28
2021,Eric Sogard,519299,CHC,0.04761905,21,30.84941176,35
2021,Marwin Gonzalez,503556,BOS,0,3,30.86363636,32
2021,Wyatt Mathisen,621500,ARI,0,4,32.58,27
2021,Jace Peterson,607054,MIL,0.18181818,11,33.2095,31
2021,Ka'ai Tom,664789,OAK,0,4,33.446,27
2021,Asdrúbal Cabrera,452678,ARI,0,4,34.21764706,35
2021,Luis Guillorme,641645,NYM,0,7,35.32,26
2021,Brock Holt,571788,TEX,0,3,35.58,33
2021,Stevie Wilkerson,592859,BAL,0,5,37.78,29
2021,David Peralta,444482,ARI,0.11111111,9,37.8,33
2021,Mike Tauchman,643565,SFG,0,6,37.84,30
2021,Harold Castro,605612,DET,0,11,38.425625,27
2021,Yermín Mercedes,606213,CHW,0,7,39.83125,28
2021,Mike Freeman,502273,CIN,1,1,40.4,33
2021,Jordan Luplow,656669,TBR,0,5,42.43,27
2021,Jack Mayfield,608686,SEA,0,1,44.79333333,30
2021,Wilmer Difo,594694,PIT,0.05555556,18,44.80237288,29
2021,Daniel Robertson,621002,MIL,0,4,45.22,27
2021,Danny Mendick,664901,CHW,0.2,5,46.452,27
2021,Max Schrock,621011,CIN,0.16666667,6,49.19866667,26
2021,Pat Valaika,642162,BAL,0,5,49.61428571,28
2021,Matt Carpenter,572761,STL,0,6,51.05615385,35
2021,Kevin Pillar,607680,NYM,0,1,52.5,32
2021,Robel García,596825,HOU,0,8,52.63931034,28
2021,Kevin Plawecki,608700,BOS,0,3,52.82222222,30
2021,Andrew Romine,461865,CHC,0.2,5,53.44666667,35
2021,Christian Arroyo,624414,BOS,0,5,53.56,26
2021,Jake Rogers,668670,DET,0,6,53.89411765,26
2021,Joshua Fuentes,658069,COL,0,4,54.2,28
2021,Darin Ruf,573131,SFG,0,6,54.68,34
2021,Willians Astudillo,553902,MIN,0,16,55.96117647,29
2021,John Nogowski,596056,PIT,0,16,57.02571429,28
2021,Luke Maile,571912,MIL,0,5,57.24,30
2021,Justin Turner,457759,LAD,0,5,57.878,36
2021,Romy Gonzalez,663853,CHW,1,1,58.05,24
2021,Hernán Pérez,541650,WSN,0.28571429,7,58.35,30
2021,Andrew Knapp,595284,PHI,0,1,59.54,29
2021,Brett Phillips,621433,TBR,0,7,61.74608696,27
2021,Phillip Evans,595943,PIT,0,3,62.38,28
2021,Charlie Culberson,518586,TEX,0,7,63.39466667,32
2021,Andy Burns,542992,LAD,0.16666667,6,63.785,30
2021,Noah Syndergaard,592789,NYM,0.25,8,64.58692308,28
2021,Austin Slater,596103,SFG,0,2,68.44666667,28
2021,Brandon Drury,592273,NYM,0,7,69.56962963,28
2021,Nick Maton,665155,PHI,1,1,69.66,24
2021,Akeem Bostick,641384,NYM,0,4,70.44142857,26
2021,Charlie Barnes,656212,MIN,0.11428571,175,71.41486923,25
2021,Drew Carlton,656290,DET,0.05263158,19,71.87534247,25
2021,Thomas Eshelman,664045,BAL,0.08730159,126,71.89810138,27
2021,Zach Davies,605200,CHC,0.17065868,668,73.03157154,28
2021,Sandy León,506702,MIA,0.07692308,26,73.30760563,32
2021,Anthony Rizzo,519203,CHC,0.33333333,3,73.80933333,31
2021,Brandon Brennan,592165,BOS,0.09090909,11,74.16428571,29
2021,Hans Crouse,668968,PHI,0.0625,32,74.17615385,22
2021,Kyle Dohy,675971,PHI,0.2,5,74.70774194,24
2021,Brandon Workman,519443,- - -,0.18382353,136,74.92601942,32
2021,Scott Blewett,656240,KCR,0.19047619,21,75,25
2021,Ryan Hartman,670057,HOU,0.2,10,75.01782609,27
2021,Jake Cronenworth,630105,SDP,0.33333333,3,75.2,27
2021,David Paulino,600944,PHI,0,9,75.410625,27
2021,Adam Eaton,594809,LAA,0,5,75.64857143,32
2021,R.J. Alaniz,595798,CIN,0.23076923,13,75.94816901,30
2021,Preston Guilmet,543258,MIA,0.14285714,7,76.3262069,33
2021,Darren McCaughan,670766,SEA,0.05128205,39,76.58060417,25
2021,Hanser Alberto,593643,KCR,0,1,76.8,28
2021,Pedro Strop,467008,CHC,0.3,10,78.46488889,36
2021,Mickey Jannis,595263,BAL,0.04761905,21,79.53211268,33
2021,Zack Godley,643327,MIL,0.25,20,79.54840909,31
2021,Thomas Szapucki,663378,NYM,0.2,20,79.57926829,25
2021,Alex Blandino,607468,CIN,0.05555556,18,79.70472222,28
2021,Ryan Castellani,624418,COL,0.11764706,17,80.28215385,25
2021,Dakota Hudson,641712,STL,0.17647059,34,80.3329771,26
2021,Bryan Garcia,650530,DET,0.16666667,192,80.54455526,26
2021,Adrian Sampson,592716,CHC,0.19310345,145,80.75464424,29
2021,César Valdez,491624,BAL,0.21428571,210,81.06660147,36
2021,Jerad Eickhoff,595191,NYM,0.125,104,81.14155178,30
2021,Riley O'Brien,676617,CIN,0.22222222,9,81.36190476,26
2021,Luis Avilán,501593,WSN,0.14814815,27,81.39314815,31
2021,Matt Duffy,622110,CHC,0,1,81.688,30
2021,Nivaldo Rodriguez,670550,HOU,0.09677419,31,81.73421053,24
2021,Nick Tropeano,607374,- - -,0.05882353,34,81.74893902,30
2021,Spenser Watkins,657093,BAL,0.1372549,255,81.75634092,28
2021,Jordan Zimmermann,519455,MIL,0,26,82.08512195,35
2021,Kyle Wright,657140,ATL,0.17142857,35,82.09863636,25
2021,Konner Wade,592831,BAL,0.171875,64,82.47975806,29
2021,Brent Honeywell,641703,TBR,0.19047619,21,82.52226154,26
2021,Bernardo Flores Jr.,641576,STL,0,3,82.71166667,25
2021,Félix Peña,570240,LAA,0.125,16,82.886875,31
2021,Aaron Sanchez,592717,SFG,0.16666667,156,83.04969606,28
2021,Mike Fiers,571666,OAK,0.11111111,45,83.28373333,36
2021,Mitch Moreland,519048,OAK,0.25,4,83.51294118,35
2021,Will Vest,676684,SEA,0.17307692,156,83.65640264,26
2021,Devin Smeltzer,656970,MIN,0.17647059,17,83.67,25
2021,Keury Mella,622492,ARI,0.13333333,15,83.7772,27
2021,Roel Ramírez,641995,STL,0,4,83.81428571,26
2021,Beau Burrows,663366,- - -,0.13793103,58,84.14801498,24
2021,Drew Hutchison,571800,DET,0.10989011,91,84.23817275,30
2021,Tyler Clippard,461325,ARI,0.18918919,111,84.28816626,36
2021,Tanner Roark,543699,TOR,0.16129032,31,84.47022901,34
2021,Steven Brault,643230,PIT,0.1496063,127,84.48723232,29
2021,Seth Frankoff,571676,ARI,0.14864865,74,84.73966504,32
2021,Packy Naughton,676050,LAA,0.11111111,108,84.76375979,25
2021,Corey Oswalt,621261,NYM,0.23809524,42,84.85485755,27
2021,Jonathan Stiever,680692,CHW,0,4,84.89333333,24
2021,Ryan Meisinger,664682,CHC,0.15789474,38,84.9677027,27
2021,Zach Plesac,668676,CLE,0.16722408,598,85.00200818,26
2021,Dallas Keuchel,572971,CHW,0.13194444,720,85.09383005,33
2021,Connor Seabold,657756,BOS,0,12,85.28511628,25
2021,Humberto Mejía,650668,ARI,0.19047619,105,85.40282974,24
2021,Lewis Thorpe,626929,MIN,0.09090909,66,85.40589641,25
2021,Miguel Yajure,664337,PIT,0.16176471,68,85.40719665,23
2021,Shea Spitzbarth,665661,PIT,0.04545455,22,85.47902439,26
2021,Mike Wright Jr.,605541,CHW,0.13580247,81,85.59261538,31
2021,Alex Wells,649144,BAL,0.1319797,197,85.69949602,24
2021,Jon Lester,452657,- - -,0.14513557,627,85.74212311,37
2021,David Hale,571735,PHI,0.18103448,116,85.77762863,33
2021,Brody Koerner,621259,NYY,0.07692308,13,85.805,27
2021,Jaime Barria,642545,LAA,0.14,250,85.91101418,24
2021,Ashton Goudeau,623485,- - -,0.15602837,141,86.12951382,28
2021,Cooper Criswell,681867,LAA,0,10,86.24243902,24
2021,Kevin Quackenbush,534812,LAD,0.25,4,86.346,32
2021,Cody Ponce,664074,PIT,0.20111732,179,86.64485859,27
2021,Brett Anderson,474463,MIL,0.14180929,409,86.74263898,33
2021,Nick Allgeyer,680430,TOR,0,3,86.79142857,25
2021,Marcos Diplán,650959,BAL,0.19512195,123,86.79304688,24
2021,Connor Overton,656818,- - -,0.23809524,63,86.80500355,27
2021,Stefan Crichton,592233,ARI,0.14529915,117,86.80684864,29
2021,Mike Baumann,657508,BAL,0.1,50,86.85502703,25
2021,Carl Edwards Jr.,605218,- - -,0.19354839,31,86.87765766,29
2021,Jonathan Heasley,669169,KCR,0.10169492,59,86.88992188,24
2021,Matt Shoemaker,533167,MIN,0.14084507,284,87.07698791,34
2021,Will Harris,501789,WSN,0.3,30,87.21037037,36
2021,Ryan Feltner,663372,COL,0.18181818,33,87.23035461,24
2021,AJ Ramos,573109,LAA,0.1875,16,87.305,34
2021,Kohei Arihara,685503,TEX,0.13483146,178,87.44164029,28
2021,Paul Blackburn,621112,OAK,0.14857143,175,87.48722714,27
2021,Kris Bubic,663460,KCR,0.20503597,556,87.51481354,23
2021,Pedro Avila,658648,SDP,0.25,20,87.52714286,24
2021,James Kaprielian,621076,OAK,0.24501992,502,87.53414707,27
2021,Mitch Keller,656605,PIT,0.19574468,470,87.56262331,25
2021,Nick Ramirez,598286,SDP,0.15384615,91,87.64496815,31
2021,T.J. McFarland,519008,STL,0.14583333,144,87.67101563,32
2021,Daniel Ponce de Leon,594965,STL,0.15189873,158,87.71905072,29
2021,Carson Fulmer,608334,CIN,0.20689655,116,87.72283146,27
2021,David Peterson,656849,NYM,0.24041812,287,87.7668823,25
2021,Luís Madero,650347,MIA,0.07142857,56,87.77392523,24
2021,Peter Solomon,656981,HOU,0.18181818,55,87.8507489,24
2021,Anthony Swarzak,461872,- - -,0.16071429,56,87.86452261,35
2021,Zac Lowther,675912,BAL,0.2173913,138,87.87376047,25
2021,Vinny Nittoli,657697,SEA,0.16666667,6,87.88153846,30
2021,Tyler Zuber,676604,KCR,0.20325203,123,87.97656126,26
2021,Andre Scrubb,668687,HOU,0.24418605,86,87.99875706,26
2021,Cory Abbott,676265,CHC,0.14634146,82,88.01151289,25
2021,Luis Oviedo,665854,PIT,0.21088435,147,88.01862564,22
2021,Tanner Anderson,664196,PIT,0.05263158,19,88.0790625,28
2021,Jhon Romero,664584,WSN,0.17647059,17,88.17384615,26
2021,Corbin Martin,656686,ARI,0.15116279,86,88.18904686,25
2021,Jake Odorizzi,543606,HOU,0.20634921,441,88.1935526,31
2021,Kwang Hyun Kim,547942,STL,0.17699115,452,88.20089289,32
2021,Angel Zerpa,672582,KCR,0.2,20,88.21641791,21
2021,Nick Neidert,663734,MIA,0.13375796,157,88.23007205,24
2021,Drew Anderson,623454,TEX,0.0989011,91,88.23630682,27
2021,Eli Morgan,669212,CLE,0.21372032,379,88.24504965,25
2021,Matt Manning,666159,DET,0.14805195,385,88.2851097,23
2021,Tyler Beede,595881,SFG,0.33333333,6,88.29642857,28
2021,Domingo Acevedo,642758,OAK,0.20454545,44,88.31206897,27
2021,Vladimir Gutierrez,661269,CIN,0.17741935,496,88.31450138,25
2021,Brandyn Sittinger,670087,ARI,0.04761905,21,88.348,27
2021,Randy Dobnak,677976,MIN,0.11842105,228,88.35301798,26
2021,Johnny Cueto,456501,SFG,0.2,490,88.47204776,35
2021,Zack Greinke,425844,HOU,0.17216643,697,88.48877732,37
2021,Mike Kickham,592464,LAD,0.16666667,12,88.524,32
2021,Adam Plutko,592644,BAL,0.17254902,255,88.54679547,29
2021,Alec Bettinger,676424,MIL,0.09803922,51,88.55684559,25
2021,Pedro Báez,520980,HOU,0.33333333,15,88.55830508,33
2021,Wil Crowe,640444,PIT,0.21183206,524,88.56646839,26
2021,Sean Reid-Foley,656887,NYM,0.2826087,92,88.64226415,25
2021,Brandon Dickson,505447,STL,0.1,10,88.68857143,36
2021,Wily Peralta,503449,DET,0.14427861,402,88.69057662,32
2021,Jake Faria,607188,ARI,0.20779221,154,88.69839514,27
2021,Kyle Lobstein,543456,WSN,0.125,8,88.7,31
2021,Daulton Jefferies,641726,OAK,0.13793103,58,88.74509091,25
2021,Jake Woodford,663765,STL,0.17064846,293,88.81752008,24
2021,Nick Wittgren,621295,CLE,0.23643411,258,88.82786621,30
2021,Tyler Webb,643778,STL,0.15217391,92,89.06112532,30
2021,Yennsy Díaz,660546,NYM,0.1875,112,89.07973094,24
2021,David Hess,605276,- - -,0.17647059,102,89.08485014,27
2021,Bryse Wilson,669060,- - -,0.14285714,322,89.16337266,23
2021,Trevor Hildenberger,657610,NYM,0.28571429,14,89.18448276,30
2021,Matt Harvey,518774,BAL,0.16323024,582,89.19219775,32
2021,Jake Arrieta,453562,- - -,0.17697228,469,89.1941195,35
2021,Javy Guerra,457915,WSN,0.10810811,37,89.20027586,35
2021,Chase Anderson,502624,PHI,0.1627907,215,89.20809093,33
2021,Chi Chi González,592346,COL,0.125,448,89.23111593,29
2021,Javy Guerra,642770,SDP,0.16666667,18,89.31666667,25
2021,Griffin Jax,643377,MIN,0.18055556,360,89.36082837,26
2021,Jesus Tinoco,622786,COL,0,10,89.394375,26
2021,Ljay Newsome,664714,SEA,0.23188406,69,89.41048015,24
2021,Mauricio Llovera,661440,PHI,0.2,35,89.52110345,25
2021,Jordan Lyles,543475,TEX,0.18985696,769,89.58973212,30
2021,Kyle Tyler,667725,LAA,0.11538462,52,89.59305263,24
2021,Nick Vincent,543883,MIN,0.19148936,47,89.61802198,34
2021,Bruce Zimmermann,669145,BAL,0.19649123,285,89.63014482,26
2021,Brandon Kintzler,445213,PHI,0.15602837,141,89.63416358,36
2021,Tony Santillan,663574,CIN,0.29473684,190,89.67691612,24
2021,Jordan Sheffield,642068,COL,0.17241379,116,89.73442982,26
2021,Yency Almonte,622075,COL,0.21658986,217,89.75623853,27
2021,Fernando Abad,472551,BAL,0.12195122,82,89.79424749,35
2021,Angel Rondón,667373,STL,0.14285714,7,89.79586207,23
2021,Sean Guenther,674944,MIA,0.14563107,103,89.81271709,25
2021,Josh Rogers,642028,WSN,0.14569536,151,89.87377358,26
2021,Evan Marshall,605359,CHW,0.2300885,113,89.91737327,31
2021,Tommy Milone,543548,TOR,0.26153846,65,89.92350732,34
2021,Josh James,657624,HOU,0.38095238,21,89.93264706,28
2021,Blake Parker,453284,CLE,0.2,185,89.96578652,36
2021,Gabe Klobosits,656620,WSN,0.09615385,52,89.98742268,26
2021,Cal Quantrill,615698,CLE,0.19642857,616,89.9908222,26
2021,Josh Tomlin,458708,ATL,0.16972477,218,90.02983851,36
2021,Colten Brewer,605155,BOS,0.11111111,9,90.03133333,28
2021,Cole Irvin,608344,OAK,0.16276042,768,90.06911136,27
2021,Tyler Ivey,663959,HOU,0.15,20,90.13620253,25
2021,Clarke Schmidt,657376,NYY,0.15789474,38,90.21097824,25
2021,Taylor Widener,642203,ARI,0.22884013,319,90.2260187,26
2021,Brandon Bielak,656232,HOU,0.21100917,218,90.26274893,25
2021,Sergio Alcántara,642727,CHC,0,1,90.335,24
2021,Nick Anderson,623433,TBR,0.04166667,24,90.43078431,30
2021,Hyun Jin Ryu,547943,TOR,0.20399429,701,90.55001491,34
2021,Dillon Peters,596071,PIT,0.1965812,117,90.55552036,28
2021,Geoff Hartlieb,664129,- - -,0.18,50,90.56892019,27
2021,Ross Stripling,548389,TOR,0.21809745,431,90.59669812,31
2021,Wade Davis,451584,KCR,0.2,190,90.60482399,35
2021,Nabil Crismatt,622503,SDP,0.2022792,351,90.63696241,26
2021,Kervin Castro,665645,SFG,0.23214286,56,90.7398,22
2021,Shaun Anderson,641312,- - -,0.15322581,124,90.78210526,26
2021,Dean Kremer,665152,BAL,0.19183673,245,90.80618807,25
2021,Austin Brice,592169,BOS,0.1875,64,90.87021898,29
2021,Duane Underwood Jr.,621249,PIT,0.203125,320,90.89295726,26
2021,Seth Elledge,676220,STL,0.21153846,52,90.9239819,25
2021,Janson Junk,676083,LAA,0.14084507,71,90.94414634,25
2021,Robert Dugger,667498,SEA,0.15702479,121,91.02216895,25
2021,Julio Teheran,527054,DET,0.15,20,91.06266667,30
2021,Brad Keller,641745,KCR,0.19575856,613,91.07191107,25
2021,Andre Jackson,656578,LAD,0.2,50,91.10112245,25
2021,Daniel Castano,641447,MIA,0.14130435,92,91.10459843,26
2021,Jordan Yamamoto,657141,NYM,0.09090909,33,91.16558559,25
2021,Spencer Patton,607359,TEX,0.27906977,172,91.17513514,33
2021,Dane Dunning,641540,TEX,0.22309198,511,91.18059909,26
2021,Oliver Ortega,661383,LAA,0.1025641,39,91.21323741,24
2021,Carlos Carrasco,471911,NYM,0.21097046,237,91.30801362,34
2021,Alex Colomé,517008,MIN,0.2,290,91.33693989,32
2021,Travis Lakins,664042,BAL,0.19512195,123,91.37828343,27
2021,Humberto Castellanos,528748,ARI,0.14795918,196,91.43031244,23
2021,Jimmy Lambert,669424,CHW,0.16666667,60,91.49813008,26
2021,Jake Reed,596082,- - -,0.23255814,43,91.53474286,28
2021,Miguel Sánchez,667376,MIL,0.19166667,120,91.55031983,27
2021,José Ureña,570632,DET,0.14692982,456,91.55370661,29
2021,Aaron Slegers,642083,LAA,0.16778523,149,91.55478873,28
2021,Reyes Moronta,606625,SFG,0.15384615,13,91.56625,28
2021,Cody Poteet,547001,MIA,0.24242424,132,91.60423358,26
2021,Daniel Lynch IV,663738,KCR,0.17684887,311,91.61509585,24
2021,A.J. Alexy,669935,TEX,0.17525773,97,91.62839623,23
2021,Matt Peacock,676840,ARI,0.12953368,386,91.6746865,27
2021,Kyle Hendricks,543294,CHC,0.16687898,785,91.71454805,31
2021,Paul Fry,643316,BAL,0.27906977,215,91.73202299,28
2021,Chris Stratton,608717,PIT,0.25519288,337,91.73336245,30
2021,Miles Mikolas,571945,STL,0.16666667,186,91.75458924,32
2021,Jay Flaa,664852,- - -,0.23076923,13,91.75868852,29
2021,Alec Mills,621219,CHC,0.16827853,517,91.82493714,29
2021,Ryan Weber,543901,- - -,0.17777778,45,91.85525,30
2021,J.A. Happ,457918,- - -,0.18181818,671,91.87750309,38
2021,Aaron Fletcher,667465,SEA,0.1,20,91.88976744,25
2021,Archie Bradley,605151,PHI,0.17857143,224,91.90002174,28
2021,Luke Weaver,596133,ARI,0.22545455,275,91.90939146,27
2021,Yefry Ramírez,606162,LAD,0.33333333,6,91.95130435,27
2021,Luis Cessa,570666,- - -,0.20689655,261,91.95721186,29
2021,Hyeon-Jong Yang,660365,TEX,0.15625,160,91.98047297,33
2021,Ervin Santana,429722,KCR,0.18772563,277,92.01328839,38
2021,Héctor Santiago,502327,SEA,0.25641026,117,92.05967413,33
2021,Johan Oviedo,670912,STL,0.17708333,288,92.10638761,23
2021,Daniel Camarena,547176,SDP,0.14893617,47,92.12344828,28
2021,Brady Lail,621078,SEA,0.1,10,92.15285714,27
2021,Matt Andriese,542882,- - -,0.22522523,222,92.16133079,31
2021,Cam Bedrosian,592135,- - -,0.19827586,116,92.20880894,29
2021,Jefry Rodriguez,622446,WSN,0.17857143,112,92.2126699,27
2021,Trevor Williams,592866,- - -,0.22222222,405,92.2219092,29
2021,Riley Smith,642092,ARI,0.11960133,301,92.24089854,26
2021,Alex McRae,656725,CHW,0.1,10,92.26979592,28
2021,José Suarez,660761,LAA,0.20581114,413,92.34712363,23
2021,Josh Lindblom,458676,MIL,0.2,85,92.41912281,34
2021,Deolis Guerra,500610,OAK,0.23048327,269,92.44374539,32
2021,Michael Pineda,501381,MIN,0.19213974,458,92.44969818,32
2021,Carlos Martinez,593372,STL,0.15702479,363,92.46017255,29
2021,Yusmeiro Petit,433589,OAK,0.11821086,313,92.47116063,36
2021,Jesse Hahn,534910,KCR,0.15789474,19,92.60674157,31
2021,Andrew Albers,452027,MIN,0.13483146,89,92.63364384,35
2021,Ryan Hendrix,641682,CIN,0.24647887,142,92.65366667,26
2021,Zack Burdi,641420,- - -,0.14285714,49,92.65977401,26
2021,Zach Thompson,605507,MIA,0.20952381,315,92.6598888,27
2021,Miguel Del Pozo,600887,DET,0.16,25,92.8025,28
2021,Austin Adams,613534,SDP,0.3153527,241,92.80470466,30
2021,Chris Flexen,623167,SEA,0.16869096,741,92.80579679,26
2021,Max Kranick,668820,PIT,0.17582418,182,92.83098507,23
2021,Marco Gonzales,594835,SEA,0.18461538,585,92.83379578,29
2021,Junior Guerra,448855,LAA,0.19869707,307,92.85668446,36
2021,Jhoulys Chacín,468504,COL,0.17472119,269,92.90809956,33
2021,Kohl Stewart,640464,CHC,0.171875,64,92.93130959,26
2021,Damon Jones,676103,PHI,0,4,92.99818182,26
2021,Junior Fernández,658551,STL,0.15463918,97,93.00592992,24
2021,David Price,456034,LAD,0.17791411,326,93.00788838,35
2021,Enyel De Los Santos,660853,- - -,0.27745665,173,93.09307038,25
2021,Jhonathan Díaz,646242,LAA,0.15254237,59,93.12202532,24
2021,Rony García,665621,DET,0.16666667,12,93.13214286,23
2021,Antonio Senzatela,622608,COL,0.15671642,670,93.1638961,26
2021,Vince Velasquez,592826,- - -,0.24220624,417,93.20969656,29
2021,Brett de Geus,676969,- - -,0.17226891,238,93.24386435,23
2021,Kyle Ryan,594986,CHC,0.12903226,62,93.27491071,29
2021,Braxton Garrett,666129,MIA,0.20125786,159,93.35011449,23
2021,Ryan Weathers,677960,SDP,0.17955112,401,93.40846342,21
2021,Stephen Strasburg,544931,WSN,0.22105263,95,93.43027778,32
2021,Shawn Morimando,596049,MIA,0.16666667,54,93.44351759,28
2021,Jake Newberry,623470,KCR,0.20833333,24,93.473,26
2021,Andrés Machado,600921,WSN,0.19480519,154,93.47733974,28
2021,Kyle Freeland,607536,COL,0.2038835,515,93.49416522,28
2021,Dylan Bundy,605164,LAA,0.2115869,397,93.50282384,28
2021,Kutter Crawford,676710,BOS,0.15384615,13,93.5154386,25
2021,Tommy Hunter,488984,NYM,0.18181818,33,93.56758512,34
2021,Triston McKenzie,663474,CLE,0.27474747,495,93.5745163,23
2021,Cionel Pérez,672335,CIN,0.22522523,111,93.60123348,25
2021,JT Brubaker,664141,PIT,0.23977695,538,93.60186528,27
2021,Darren O'Day,503285,NYY,0.23913043,46,93.63693122,38
2021,Paul Campbell,669294,MIA,0.20967742,124,93.63834687,25
2021,Peter Lambert,663567,COL,0.1,30,93.63852459,24
2021,Aaron Civale,650644,CLE,0.19879518,498,93.66772093,26
2021,Mychal Givens,571710,- - -,0.25,216,93.70474815,31
2021,Chase De Jong,608328,PIT,0.19897959,196,93.72067358,27
2021,Joe Ross,605452,WSN,0.23695652,460,93.7219461,28
2021,Mac Sceroler,669135,BAL,0.22916667,48,93.74606061,26
2021,Chris Archer,502042,TBR,0.25301205,83,93.74801223,32
2021,Austin Davis,656354,- - -,0.23931624,117,93.74910772,28
2021,Edwin Uceta,670955,LAD,0.27173913,92,93.75985916,23
2021,Merrill Kelly,518876,ARI,0.19490255,667,93.79304782,32
2021,Colin Rea,607067,MIL,0.20833333,24,93.83406593,30
2021,Phillips Valdez,570488,BOS,0.19774011,177,93.85472141,29
2021,Craig Stammen,489334,SDP,0.23380282,355,93.85855461,37
2021,Patrick Corbin,571578,WSN,0.19041278,751,93.88587761,31
2021,Austin Pruitt,643493,- - -,0.17241379,29,93.97581818,31
2021,Kyle Cody,621129,TEX,0.25454545,55,93.97961538,26
2021,J.B. Wendelken,605525,- - -,0.20103093,194,93.98279355,28
2021,Robert Gsellman,607229,NYM,0.14285714,119,94.06394965,27
2021,Reiss Knehr,663753,SDP,0.15503876,129,94.07744186,24
2021,Alex Cobb,502171,LAA,0.24936387,393,94.1103746,33
2021,Jake Petricka,502593,LAA,0.25,32,94.1157037,33
2021,Chad Kuhl,641771,PIT,0.21489971,349,94.12056262,28
2021,J.B. Bukauskas,656266,ARI,0.17283951,81,94.1878169,24
2021,Nick Mears,683232,PIT,0.21495327,107,94.25146018,24
2021,Reymin Guduan,594056,OAK,0.07692308,65,94.25596491,29
2021,Antonio Santos,665733,COL,0.2173913,46,94.27829545,24
2021,Justin Lawrence,664875,COL,0.19767442,86,94.28302469,26
2021,Buck Farmer,571656,DET,0.21637427,171,94.2832,30
2021,A.J. Cole,595918,TOR,0.23333333,30,94.28495575,29
2021,Wade LeBlanc,453281,- - -,0.13122172,221,94.35782929,36
2021,Jace Fry,605240,CHW,0.09677419,31,94.3997037,27
2021,Asher Wojciechowski,592879,NYY,0.21052632,19,94.45542169,32
2021,Oliver Pérez,424144,CLE,0.22222222,18,94.47357143,39
2021,Kolby Allard,663465,TEX,0.19475655,534,94.51251567,23
2021,Matt Foster,641582,CHW,0.22988506,174,94.53618132,26
2021,Erick Fedde,607200,WSN,0.21694915,590,94.5633301,28
2021,Edgar García,658305,- - -,0.16666667,72,94.58875283,24
2021,Dellin Betances,476454,NYM,0.2,5,94.59142857,33
2021,Glenn Otto Jr.,657248,TEX,0.25225225,111,94.59678414,25
2021,Chasen Shreve,592741,PIT,0.19148936,235,94.6320985,30
2021,Chris Ellis,595939,- - -,0.19008264,121,94.65165975,28
2021,Alex Young,622065,- - -,0.17479675,246,94.72409798,27
2021,Jon Duplantier,641541,ARI,0.17142857,70,94.75400749,26
2021,Kenta Maeda,628317,MIN,0.24944812,453,94.7992199,33
2021,Kyle Keller,664918,PIT,0.23225806,155,94.82100917,28
2021,Kevin Ginkel,656464,ARI,0.24031008,129,94.82174229,27
2021,Jake Jewell,657228,CHC,0.19607843,51,94.83560748,28
2021,Brad Peacock,502748,BOS,0.11538462,26,94.83612094,33
2021,Ryan Brasier,518489,BOS,0.18,50,94.84365482,33
2021,Jose Quintana,500779,- - -,0.28619529,297,94.90898903,32
2021,Logan Allen,663531,CLE,0.16666667,222,94.94827095,24
2021,JD Hammer,670456,PHI,0.23404255,94,94.99925926,26
2021,Drew Steckenrider,608716,SEA,0.21722846,267,95.0444334,30
2021,Jakob Junis,596001,KCR,0.24404762,168,95.05827949,28
2021,Austin Warren,681810,LAA,0.23809524,84,95.16524476,25
2021,Tylor Megill,656731,NYM,0.26121372,379,95.17734799,25
2021,Julian Fernández,642759,COL,0.12121212,33,95.18376068,25
2021,Tony Gonsolin,664062,LAD,0.27196653,239,95.19722599,27
2021,Jon Gray,592351,COL,0.24378882,644,95.21656374,29
2021,Spencer Howard,675921,- - -,0.22707424,229,95.23640608,24
2021,Ben Bowden,641386,COL,0.23728814,177,95.23966867,26
2021,Anthony Banda,607455,- - -,0.20915033,153,95.24446471,27
2021,Adrian Houser,605288,MIL,0.17529215,599,95.2504734,28
2021,Jackson Kowar,663804,KCR,0.18831169,154,95.26304274,24
2021,J.C. Mejía,650496,CLE,0.19747899,238,95.27036645,24
2021,Sam Hentges,656529,CLE,0.21383648,318,95.28459935,24
2021,Joan Adon,672851,WSN,0.375,24,95.30659574,22
2021,Justus Sheffield,656954,SEA,0.16363636,385,95.30767794,25
2021,Kyle Muller,666205,ATL,0.23870968,155,95.31260243,23
2021,Ian Krol,571871,DET,0.20930233,86,95.31356322,30
2021,Zach Eflin,621107,PHI,0.2239819,442,95.31921544,27
2021,Francisco Pérez,660906,CLE,0.17857143,28,95.35967213,23
2021,Trevor Cahill,502239,PIT,0.19277108,166,95.3865334,33
2021,Burch Smith,572143,OAK,0.14893617,188,95.46985251,31
2021,Travis Bergen,664157,TOR,0.13043478,46,95.49191489,27
2021,Dusten Knight,643400,BAL,0.25,44,95.49311828,30
2021,Sal Romano,607219,- - -,0.1440678,118,95.50024475,27
2021,Domingo Germán,593334,NYY,0.23902439,410,95.54020481,28
2021,Mike Foltynewicz,592314,TEX,0.16552901,586,95.5573799,29
2021,Andrew Chafin,605177,- - -,0.2406015,266,95.56827922,31
2021,Tyler Mahle,641816,CIN,0.27667984,759,95.58077286,26
2021,Keegan Thompson,624522,CHC,0.22633745,243,95.6502896,26
2021,Aaron Northcraft,573062,SDP,0.14705882,34,95.65255814,31
2021,Jesse Biddle,592145,ATL,0.21568627,51,95.67228261,29
2021,Kyle Zimmer,622092,KCR,0.20627803,223,95.67675574,29
2021,Ranger Suárez,624133,PHI,0.25598086,418,95.69061455,25
2021,Michael Wacha,608379,TBR,0.22916667,528,95.69250605,29
2021,Eric Lauer,641778,MIL,0.2392638,489,95.74640351,26
2021,Trent Thornton,663423,TOR,0.24074074,216,95.90216998,27
2021,Rowan Wick,592858,CHC,0.29,100,95.92726817,28
2021,Scott Kazmir,431148,SFG,0.18181818,55,95.96959561,37
2021,Derek Law,571882,MIN,0.20895522,67,95.98890411,30
2021,Louis Head,545343,TBR,0.23880597,134,96.06652015,31
2021,Tyler Duffey,608648,MIN,0.24015748,254,96.11138783,30
2021,Adam Wainwright,425794,STL,0.21014493,828,96.16916721,39
2021,Blake Taylor,642130,HOU,0.21808511,188,96.23764075,25
2021,Martín Pérez,527048,BOS,0.19056974,509,96.25112213,30
2021,Touki Toussaint,657053,ATL,0.22222222,216,96.27551794,25
2021,Jacob Webb,657097,ATL,0.21568627,153,96.28045936,27
2021,Carlos Estévez,608032,COL,0.22222222,270,96.36228856,28
2021,Kyle Gibson,502043,- - -,0.20557029,754,96.38640623,33
2021,Mitch White,669952,LAD,0.24873096,197,96.3877142,26
2021,Tyler Kinley,641755,COL,0.23050847,295,96.4234386,30
2021,John Axford,446099,MIL,0,5,96.49818182,38
2021,Brady Singer,663903,KCR,0.22354949,586,96.52281703,24
2021,Mike Mayers,594577,LAA,0.28571429,315,96.53004129,29
2021,Paolo Espino,502179,WSN,0.2021978,455,96.53588516,34
2021,Eric Hanhold,621098,BAL,0.12765957,47,96.54414894,27
2021,Blaine Hardy,543278,MIL,0.14285714,7,96.54466667,34
2021,John Gant,607231,- - -,0.18737271,491,96.56899526,28
2021,Josiah Gray,680686,- - -,0.247557,307,96.62743379,23
2021,Cody Reed,642003,TBR,0.16666667,42,96.63210884,28
2021,Deivi García,665620,NYY,0.18421053,38,96.63529412,22
2021,Robert Stock,476594,- - -,0.2,45,96.67083333,31
2021,Dan Winkler,595465,CHC,0.21052632,190,96.74915816,31
2021,Taylor Williams,592865,- - -,0.16363636,55,96.80629612,29
2021,Ian Anderson,666120,ATL,0.2317757,535,96.83273401,23
2021,Jimmy Herget,623474,- - -,0.25641026,78,96.90434783,27
2021,Taylor Clarke,664199,ARI,0.20103093,194,96.91055851,28
2021,Roansy Contreras,672710,PIT,0.33333333,12,96.91304348,21
2021,Anthony DeSclafani,543101,SFG,0.22485207,676,96.98029065,31
2021,Sean Nolin,543594,WSN,0.16260163,123,97.051457,31
2021,Nick Margevicius,676606,SEA,0.2,60,97.06277992,25
2021,Griffin Canning,656288,LAA,0.22382671,277,97.06733295,25
2021,Trevor Megill,656730,CHC,0.26086957,115,97.12505447,27
2021,Tyler Gilbert,656457,ARI,0.15923567,157,97.13429152,27
2021,Bryan Shaw,543766,CLE,0.21257485,334,97.13893491,33
2021,Cole Sulser,642121,BAL,0.28404669,257,97.15925094,31
2021,Josh Osich,592612,CIN,0.15,60,97.19208696,32
2021,Nate Jones,518858,- - -,0.16091954,87,97.21326861,35
2021,JT Chargois,608638,- - -,0.24537037,216,97.22976612,30
2021,Thomas Hatch,641672,TOR,0.17777778,45,97.23048193,26
2021,Jesse Chavez,445926,ATL,0.27067669,133,97.23219697,37
2021,Germán Márquez,608566,COL,0.23280423,756,97.23402899,26
2021,Joakim Soria,465657,- - -,0.25157233,159,97.2420319,37
2021,John Schreiber,670167,BOS,0.38461538,13,97.255,27
2021,Luke Farrell,608652,MIN,0.22123894,113,97.35010571,30
2021,Keone Kela,605309,SDP,0.27083333,48,97.36128713,28
2021,Tyler Alexander,641302,DET,0.19290466,451,97.38175793,26
2021,Trevor Richards,670950,- - -,0.31075697,251,97.43711327,28
2021,Sean Poppen,664092,- - -,0.23636364,110,97.44906404,27
2021,Ross Detwiler,446321,- - -,0.27074236,229,97.4881719,35
2021,Zack Littell,641793,SFG,0.25,252,97.49148137,25
2021,Elvis Peguero,665625,LAA,0,17,97.5071875,24
2021,Justin Miller,502522,- - -,0.15662651,83,97.53228144,34
2021,Brad Boxberger,502202,MIL,0.31203008,266,97.5732397,33
2021,Enoli Paredes,660600,HOU,0.28301887,53,97.58031496,25
2021,Bryan Abreu,650556,HOU,0.22360248,161,97.66203193,24
2021,José Quijada,650671,LAA,0.34545455,110,97.68527163,25
2021,Casey Mize,663554,DET,0.19281046,612,97.71753086,24
2021,Ryan Buchter,488748,ARI,0.20512821,78,97.72544218,34
2021,Dennis Santana,642701,- - -,0.19409283,237,97.76381133,25
2021,Demarcus Evans,663770,TEX,0.275,120,97.77503846,24
2021,Jason Foley,671345,DET,0.13333333,45,97.77515152,25
2021,Caleb Smith,592761,ARI,0.248,500,97.81196218,29
2021,Noé Ramirez,598287,- - -,0.19727891,147,97.87558431,31
2021,Justin Garza,621057,CLE,0.2265625,128,97.89917808,27
2021,Austin Voth,608723,WSN,0.23790323,248,97.90532884,29
2021,Taijuan Walker,592836,NYM,0.22324159,654,97.90784668,28
2021,Edward Cabrera,665795,MIA,0.23333333,120,97.9539916,23
2021,Reiver Sanmartin,665665,CIN,0.23404255,47,97.95657459,25
2021,Ryan Tepera,572193,- - -,0.30833333,240,97.96773225,33
2021,José Urquidy,664353,HOU,0.21276596,423,98.00510455,26
2021,Richard Rodríguez,593144,- - -,0.16733068,251,98.01894419,31
2021,Rafael Dolis,503569,TOR,0.25,156,98.04700826,33
2021,Andrew Wantz,681806,LAA,0.31666667,120,98.05493776,25
2021,Joel Payamps,606303,- - -,0.18536585,205,98.08491057,27
2021,DJ Johnson,597113,- - -,0.33333333,15,98.14444444,31
2021,Bailey Ober,641927,MIN,0.25329815,379,98.16357591,25
2021,Hansel Robles,570663,- - -,0.25589226,297,98.18289623,30
2021,Jack Flaherty,656427,STL,0.26397516,322,98.19812787,25
2021,Tayler Saucedo,642048,TOR,0.17431193,109,98.26046296,28
2021,Mike Minor,501985,KCR,0.22272048,669,98.27778714,33
2021,Adonis Medina,658431,PHI,0.16666667,36,98.30992701,24
2021,Kent Emanuel,592288,HOU,0.19117647,68,98.33433333,29
2021,Hirokazu Sawamura,617228,BOS,0.26180258,233,98.3396822,33
2021,Wade Miley,489119,CIN,0.18115942,690,98.35657966,34
2021,Sam Clay,621348,WSN,0.1588785,214,98.3639196,28
2021,Austin Gomber,596295,COL,0.23155738,488,98.3872885,27
2021,Daniel Zamora,623354,SEA,0.16666667,18,98.4203125,28
2021,Jeff Hoffman,656546,CIN,0.2358209,335,98.42601107,28
2021,Matthew Boyd,571510,DET,0.19881306,337,98.43379528,30
2021,Jameson Taillon,592791,NYY,0.23217247,603,98.46720638,29
2021,Patrick Murphy,641907,- - -,0.2265625,128,98.59213555,26
2021,Joe Biagini,607352,CHC,0.15384615,13,98.615,31
2021,Manny Barreda,518435,BAL,0.14285714,14,98.63041667,32
2021,T.J. Zeuch,643615,TOR,0.10810811,74,98.64979021,25
2021,James Sherfy,642073,- - -,0.19047619,63,98.73687694,29
2021,Yoan López,661255,ARI,0.21311475,61,98.77691589,28
2021,Michael Feliz,593140,- - -,0.24444444,90,98.78021622,28
2021,Ty Tice,676709,- - -,0.15384615,39,98.79492958,24
2021,Mark Melancon,453343,SDP,0.22264151,265,98.79986667,36
2021,Matt Moore,519043,PHI,0.18862275,334,98.80237994,32
2021,Danny Coulombe,543056,MIN,0.23741007,139,98.86360518,31
2021,Luis Garcia,677651,HOU,0.26382306,633,98.92199545,24
2021,Garrett Richards,572070,BOS,0.18638574,617,98.93255251,33
2021,Hunter Wood,621056,TEX,0.26315789,19,98.93606061,27
2021,Alek Manoah,666201,TOR,0.27668845,459,99.02225122,23
2021,Shelby Miller,571946,- - -,0.12903226,62,99.06344322,30
2021,Ryan Burr,621114,CHW,0.21854305,151,99.097664,27
2021,Alex Wood,622072,SFG,0.25982906,585,99.19613199,30
2021,Kodi Whitley,676831,STL,0.26732673,101,99.22466165,26
2021,Jason Adam,592094,CHC,0.38,50,99.2433945,29
2021,James Hoyt,624586,LAA,0.23913043,46,99.2444898,34
2021,Hunter Harvey,640451,BAL,0.16666667,36,99.26330935,26
2021,Miguel Aguilar,620396,ARI,0.10344828,29,99.43805825,29
2021,Miguel Díaz,622766,SDP,0.26744186,172,99.48721547,26
2021,Derek Holland,502706,DET,0.22666667,225,99.52890148,34
2021,Ronald Bolaños,671790,KCR,0.4,25,99.55962264,24
2021,Alex Lange,656638,DET,0.24074074,162,99.56865204,25
2021,Adbert Alzolay,640470,CHC,0.24662813,519,99.63621916,26
2021,Reid Detmers,672282,LAA,0.18811881,101,99.63687003,21
2021,Codi Heuer,676051,- - -,0.19928826,281,99.69205958,24
2021,Anthony Kay,641743,TOR,0.25,156,99.69357481,26
2021,Trevor Rogers,669432,MIA,0.28545455,550,99.72164422,23
2021,Jorge López,605347,BAL,0.2018018,555,99.72894124,28
2021,Kyle Funkhouser,608335,DET,0.2114094,298,99.72997352,27
2021,Jovani Morán,663558,MIN,0.26315789,38,99.74271605,24
2021,Steven Matz,571927,TOR,0.22256569,647,99.76650744,30
2021,Neftalí Feliz,491703,- - -,0.15789474,19,99.81402985,33
2021,Jake Brentz,641394,KCR,0.27338129,278,99.86616924,26
2021,Trevor May,543507,NYM,0.31203008,266,99.87730942,31
2021,Art Warren,605521,CIN,0.41463415,82,99.88692537,28
2021,Chris Paddack,663978,SDP,0.21568627,459,99.94755018,25
2021,Alberto Baldonado,593604,WSN,0.24489796,49,99.97495327,28
2021,Richard Lovelady,663992,KCR,0.27380952,84,99.99872611,25
2021,Chris Devenski,606965,ARI,0.14285714,35,100.0073611,30
2021,Kyle Finnegan,640448,WSN,0.23129252,294,100.0083056,29
2021,Conner Menez,669214,SFG,0.24193548,62,100.0090688,26
2021,Ian Gibaut,664139,MIN,0.14285714,28,100.0528155,27
2021,Miguel Castro,612434,NYM,0.25412541,303,100.0639789,26
2021,Greg Holland,518813,KCR,0.218107,243,100.0862828,35
2021,Chris Sale,519242,BOS,0.28415301,183,100.1823641,32
2021,Drew Smith,622098,NYM,0.24848485,165,100.182457,27
2021,Brandon Waddell,663399,- - -,0.1372549,51,100.1871362,27
2021,Kyle Barraclough,607457,MIN,0.3,60,100.1983582,31
2021,Brad Hand,543272,- - -,0.21942446,278,100.2143365,31
2021,Eduardo Rodriguez,593958,BOS,0.27407407,675,100.2810247,28
2021,Taylor Hearn,621368,TEX,0.20861678,441,100.3069864,26
2021,Zack Britton,502154,NYY,0.19512195,82,100.313211,33
2021,Chris Mazza,607391,TBR,0.1875,112,100.3989806,31
2021,Hunter Strickland,519326,- - -,0.23966942,242,100.4617602,32
2021,Justin Steele,657006,CHC,0.23790323,248,100.4907721,25
2021,Luis Severino,622663,NYY,0.36363636,22,100.4914286,27
2021,Michael Lorenzen,547179,CIN,0.168,125,100.5184969,29
2021,John Brebbia,605154,SFG,0.25287356,87,100.5465653,31
2021,Jandel Gustave,594311,MIL,0.16455696,79,100.5727211,28
2021,Darwinzon Hernández,650382,BOS,0.2967033,182,100.5920479,24
2021,Ryne Stanek,592773,HOU,0.2862069,290,100.6075536,29
2021,James Karinchak,675916,CLE,0.33191489,235,100.6377445,25
2021,Joe Barlow,669618,TEX,0.24324324,111,100.6522026,25
2021,Cristian Javier,664299,HOU,0.30660377,424,100.8322151,24
2021,Raynel Espinal,642659,BOS,0,8,100.9383333,29
2021,Carlos Hernández,672578,KCR,0.20670391,358,101.0203547,24
2021,Grant Dayton,594795,ATL,0.2295082,61,101.0271837,33
2021,Luis Frías,666818,ARI,0.1875,16,101.04,23
2021,Stephen Tarpley,605501,NYM,0,4,101.0453333,28
2021,Daniel Norris,596057,- - -,0.23387097,248,101.0556235,28
2021,Jacob Latz,656641,TEX,0.21052632,19,101.0735714,25
2021,Madison Bumgarner,518516,ARI,0.20228385,613,101.087131,31
2021,Alex Claudio,592222,LAA,0.2027027,148,101.0968547,29
2021,Marcus Stroman,573186,NYM,0.21643836,730,101.1251301,30
2021,Isaac Mattson,676755,BAL,0.13043478,23,101.1527473,25
2021,Reynaldo López,625643,CHW,0.24774775,222,101.1688556,27
2021,A.J. Puk,640462,OAK,0.24615385,65,101.18,26
2021,Gabe Speier,642100,KCR,0.15151515,33,101.2047619,26
2021,Justin Bruihl,677865,LAD,0.15068493,73,101.2487285,24
2021,Shawn Armstrong,542888,- - -,0.26666667,165,101.2829824,30
2021,Anthony Misiewicz,664948,SEA,0.22457627,236,101.2870258,26
2021,Tanner Houck,656557,BOS,0.30526316,285,101.3841216,25
2021,Brett Martin,656685,TEX,0.15909091,264,101.5355604,26
2021,Brad Brach,542960,CIN,0.23741007,139,101.5445061,35
2021,Huascar Ynoa,660623,ATL,0.2688172,372,101.5676673,23
2021,Seth Lugo,607625,NYM,0.28205128,195,101.5875171,31
2021,Pablo López,641154,MIA,0.27511962,418,101.6458809,25
2021,Jarlín García,606424,SFG,0.2527881,269,101.6703571,28
2021,Juan Minaya,573668,MIN,0.25748503,167,101.6786585,30
2021,Patrick Sandoval,663776,LAA,0.25895317,363,101.6816172,24
2021,Wes Benjamin,605138,TEX,0.16964286,112,101.6913524,27
2021,Mason Thompson,666168,- - -,0.19008264,121,101.7132267,23
2021,Dylan Lee,669276,ATL,0.33333333,9,101.7668966,26
2021,Dillon Maples,596027,CHC,0.28776978,139,101.8607447,29
2021,Stephen Nogosek,668665,NYM,0.41666667,12,101.8870833,26
2021,Framber Valdez,664285,HOU,0.21853147,572,101.8988179,27
2021,Sam Selman,572125,- - -,0.17272727,110,101.9363563,30
2021,Lucas Gilbreath,656458,COL,0.23783784,185,101.9557687,25
2021,Jordan Holloway,656548,MIA,0.2278481,158,101.9663253,25
2021,J.P. Feyereisen,656420,- - -,0.22649573,234,101.9720842,28
2021,Jesús Luzardo,666200,- - -,0.22425629,437,101.991765,23
2021,Jay Jackson,543351,SFG,0.31111111,90,102.0289704,33
2021,Bryan Mitchell,571951,MIA,0.22222222,18,102.078806,30
2021,Joe Ryan,657746,MIN,0.3,100,102.1226699,25
2021,Jordan Weems,607179,- - -,0.23333333,30,102.1534201,28
2021,Zac Gallen,668678,ARI,0.26577438,523,102.1960593,25
2021,Wandy Peralta,593974,- - -,0.19634703,219,102.2524226,29
2021,Shane Bieber,669456,CLE,0.3308642,405,102.2953205,26
2021,Nick Nelson,656793,NYY,0.28205128,78,102.3145541,25
2021,Kyle McGowin,641851,WSN,0.2734375,128,102.3319923,29
2021,Sean Newcomb,656794,ATL,0.28666667,150,102.4371386,28
2021,Jimmy Nelson,519076,LAD,0.37931034,116,102.4569246,32
2021,Corey Kluber,446372,NYY,0.24046921,341,102.4652924,35
2021,Ben Rowen,594985,LAA,0.16326531,49,102.4775758,32
2021,Spencer Turnbull,605513,DET,0.21890547,201,102.5391462,28
2021,Ramón Rosso,665759,PHI,0.2,35,102.5445833,25
2021,Blake Snell,605483,SDP,0.30909091,550,102.6116217,28
2021,Ralph Garza Jr.,621248,- - -,0.22834646,127,102.6406912,27
2021,Danny Duffy,518633,KCR,0.25793651,252,102.6554559,32
2021,Dinelson Lamet,659275,SDP,0.27272727,209,102.7269102,28
2021,Justin Dunn,643290,SEA,0.22477064,218,102.7282488,25
2021,Héctor Neris,593576,PHI,0.31612903,310,102.7356928,32
2021,Robert Stephenson,596112,COL,0.26395939,197,102.7664052,28
2021,Scott Barlow,605130,KCR,0.29738562,306,102.8009195,28
2021,Anthony Castro,621593,TOR,0.29357798,109,102.8768791,26
2021,Matt Barnes,598264,BOS,0.37837838,222,102.9388248,31
2021,David Phelps,475479,TOR,0.35714286,42,102.9704762,34
2021,Garrett Cleavinger,664076,LAD,0.25,84,103.0281375,27
2021,Lou Trivino,642152,OAK,0.21612903,310,103.0534415,29
2021,Michael Rucker,621074,CHC,0.23809524,126,103.0555918,27
2021,Jose Alvarez,501625,SFG,0.15789474,266,103.1229409,32
2021,Tucker Davidson,656353,ATL,0.21686747,83,103.1449498,25
2021,Alex Reyes,621052,STL,0.29968454,317,103.1450883,26
2021,Bryan Baker,641329,TOR,0.25,4,103.2052632,26
2021,Manuel Rodríguez,655889,CHC,0.19277108,83,103.2488,24
2021,Brad Wieck,623364,CHC,0.3943662,71,103.2502759,29
2021,Kyle Crick,605195,PIT,0.19626168,107,103.2563256,28
2021,Kevin Gausman,592332,SFG,0.29290323,775,103.347591,30
2021,Adam Kolarek,592473,OAK,0.07843137,51,103.3612698,32
2021,Amir Garrett,607237,CIN,0.28372093,215,103.3635879,29
2021,Giovanny Gallegos,606149,STL,0.30645161,310,103.4162175,29
2021,Elieser Hernández,622694,MIA,0.23555556,225,103.4803461,26
2021,Matt Wisler,605538,- - -,0.31794872,195,103.5072199,28
2021,Chris Rodriguez,669735,LAA,0.21641791,134,103.5086613,22
2021,Tony Watson,453265,- - -,0.19555556,225,103.5150198,36
2021,Sergio Romo,489265,OAK,0.23166023,259,103.5169128,38
2021,Adam Morgan,605388,CHC,0.25925926,108,103.5902041,31
2021,Sonny Gray,543243,CIN,0.26956522,575,103.6073717,31
2021,Steve Cishek,518553,LAA,0.20779221,308,103.6275509,35
2021,Corey Knebel,608349,LAD,0.2970297,101,103.6410526,29
2021,Jorge Guzmán,660422,MIA,0.2,15,103.7111475,25
2021,Tommy Nance,667297,CHC,0.23622047,127,103.7177042,30
2021,Jacob Barnes,606930,- - -,0.2578125,128,103.7252911,31
2021,JoJo Romero,668941,PHI,0.18181818,44,103.7362573,24
2021,Darien Núñez,628345,LAD,0.24242424,33,103.7437795,28
2021,Brent Suter,608718,MIL,0.22044728,313,103.7773552,31
2021,Drew Smyly,592767,ATL,0.21428571,546,103.786435,32
2021,Erasmo Ramírez,541640,DET,0.18348624,109,103.8188747,31
2021,Josh Fleming,676596,TBR,0.14508929,448,103.8665162,25
2021,Chris Bassitt,605135,OAK,0.24960754,637,103.9005549,32
2021,José Berríos,621244,- - -,0.26120359,781,103.9997088,27
2021,Anthony Bass,542914,MIA,0.22307692,260,104.0291645,33
2021,Trevor Stephan,663986,CLE,0.26595745,282,104.0929636,25
2021,Josh Staumont,622251,KCR,0.27272727,264,104.0945338,27
2021,Josh Taylor,657031,BOS,0.28708134,209,104.1059924,28
2021,Kirby Snead,669912,TOR,0.23333333,30,104.1437838,26
2021,Casey Sadler,594987,SEA,0.25517241,145,104.2957659,30
2021,Conner Greene,641632,- - -,0.21487603,121,104.33696,26
2021,Nick Pivetta,601713,BOS,0.26475038,661,104.3470218,28
2021,Joe Jiménez,641729,DET,0.27142857,210,104.3656879,26
2021,Dominic Leone,608678,SFG,0.2283105,219,104.3657316,29
2021,Phil Bickford,641360,- - -,0.28502415,207,104.382841,25
2021,Justin Wilson,458677,- - -,0.19463087,149,104.4679392,33
2021,Tyler Anderson,542881,- - -,0.19061166,703,104.4839756,31
2021,Robbie Ray,592662,TOR,0.32082794,773,104.5580102,29
2021,Andrew Miller,453192,STL,0.24390244,164,104.5642208,36
2021,Andrew Bellatti,571479,MIA,0.21052632,19,104.5686747,29
2021,Matt Bush,456713,TEX,0.29411765,17,104.5773913,35
2021,Chris Martin,455119,ATL,0.18232044,181,104.6637386,35
2021,Tarik Skubal,669373,DET,0.25867508,634,104.6689869,24
2021,José Ruiz,614179,CHW,0.23247232,271,104.7721739,26
2021,John King,667463,TEX,0.20725389,193,104.7772464,26
2021,Keegan Akin,669211,BAL,0.19203747,427,104.8218449,26
2021,David Bednar,670280,PIT,0.32489451,237,104.8452248,26
2021,Zac Rosscup,573127,COL,0.30769231,13,104.9408333,33
2021,Jake McGee,459429,SFG,0.24267782,239,104.9536446,34
2021,Zach Pop,647315,MIA,0.20731707,246,105.0070626,24
2021,John Curtiss,595928,- - -,0.23529412,187,105.1277253,28
2021,José Cisnero,542585,DET,0.23396226,265,105.1621261,32
2021,Freddy Peralta,642547,MIL,0.3362069,580,105.1928579,25
2021,Wander Suero,593833,WSN,0.23157895,190,105.2735185,29
2021,Sam Moll,594580,OAK,0.18181818,44,105.3049102,29
2021,Rich Hill,448179,- - -,0.2269289,661,105.3272652,41
2021,Will Smith,519293,ATL,0.30742049,283,105.4804647,31
2021,Rafael Montero,606160,- - -,0.18666667,225,105.4841536,30
2021,Tyler Chatwood,543022,- - -,0.26206897,145,105.5013613,31
2021,Ryan Helsley,664854,STL,0.22815534,206,105.522419,26
2021,Dauri Moreta,664294,CIN,0.28571429,14,105.5726316,25
2021,Drew Rasmussen,656876,- - -,0.23778502,307,105.6089891,25
2021,Eduard Bazardo,660825,BOS,0.25,12,105.63,25
2021,Joey Krehbiel,607216,- - -,0.20588235,34,105.6756391,28
2021,Max Fried,608331,ATL,0.23688156,667,105.6884746,27
2021,José Marte,665896,LAA,0.27777778,18,105.7652381,25
2021,Victor González,624647,LAD,0.21290323,155,105.7724482,25
2021,Phil Maton,664208,- - -,0.28619529,297,105.8314221,28
2021,Lance McCullers Jr.,621121,HOU,0.27046784,684,105.8470592,27
2021,Eric Yardley,642233,MIL,0.05617978,89,105.8913099,30
2021,James Norwood,656803,SDP,0.13043478,23,105.9338298,27
2021,Keynan Middleton,641871,SEA,0.17142857,140,106.0569811,27
2021,Yu Darvish,506433,SDP,0.29221733,681,106.0670963,34
2021,Nestor Cortes,641482,NYY,0.27540107,374,106.0879226,26
2021,Trevor Bauer,545333,LAD,0.31712963,432,106.1088801,30
2021,Shane Greene,572888,- - -,0.21238938,113,106.1871368,32
2021,Matt Strahm,621381,SDP,0.11111111,36,106.2139012,29
2021,Jeffrey Springs,605488,TBR,0.35195531,179,106.3256836,28
2021,Rex Brothers,571521,CHC,0.31779661,236,106.3284253,33
2021,Stephen Gonsalves,624427,BOS,0.22222222,18,106.3690244,26
2021,Sam Long,669674,SFG,0.21590909,176,106.3798087,25
2021,Michael Fulmer,605242,DET,0.24579125,297,106.3831615,28
2021,Ian Kennedy,453178,- - -,0.27192982,228,106.3833489,36
2021,Bailey Falter,663559,PHI,0.24460432,139,106.423815,24
2021,Erik Swanson,657024,SEA,0.24305556,144,106.4621277,27
2021,Yimi García,554340,- - -,0.25316456,237,106.5367364,30
2021,Seth Martinez,661527,HOU,0.1875,16,106.6790476,26
2021,Jake Cousins,664776,MIL,0.352,125,106.7167803,26
2021,Ryan Yarbrough,642232,TBR,0.17917305,653,106.7413038,29
2021,Pierce Johnson,572955,SDP,0.31557377,244,106.7883566,30
2021,Ryne Harper,607560,WSN,0.20945946,148,106.913156,32
2021,Yusei Kikuchi,579328,SEA,0.24474474,666,106.924383,30
2021,Cristopher Sánchez,650911,PHI,0.22033898,59,106.9618357,24
2021,Sam Howard,607572,PIT,0.30150754,199,107.0064663,28
2021,Jeremy Beasley,676886,TOR,0.27659574,47,107.0652792,25
2021,Joe Mantiply,573009,ARI,0.21468927,177,107.0674267,30
2021,Daniel Bard,453268,COL,0.26315789,304,107.1170632,36
2021,Garrett Crochet,676979,CHW,0.2826087,230,107.1980681,22
2021,Brooks Kriske,621139,- - -,0.19642857,56,107.259371,27
2021,Sean Manaea,640455,OAK,0.25729443,754,107.2628485,29
2021,Julian Merryweather,657240,TOR,0.21818182,55,107.3547586,29
2021,Wyatt Mills,670090,SEA,0.171875,64,107.3878603,26
2021,Edgar Santana,650828,ATL,0.18857143,175,107.3919868,29
2021,Charlie Morton,450203,ATL,0.28571429,756,107.4254411,37
2021,Lucas Giolito,608337,CHW,0.27916667,720,107.4551045,26
2021,Collin McHugh,543521,TBR,0.29959514,247,107.4682837,34
2021,Diego Castillo,650895,- - -,0.32188841,233,107.4767057,27
2021,Lance Lynn,458681,CHW,0.27457098,641,107.4918397,34
2021,Tim Mayza,641835,TOR,0.27142857,210,107.5277381,29
2021,Josh Sborz,622250,TEX,0.26848249,257,107.530195,27
2021,Dylan Cease,656302,CHW,0.31920904,708,107.5852842,25
2021,Génesis Cabrera,650893,STL,0.26013514,296,107.6640135,24
2021,Jorge Alcala,660896,MIN,0.26637555,229,107.7889631,25
2021,Angel Perdomo,622780,MIL,0.35443038,79,107.8420339,27
2021,Lucas Luetge,476595,NYY,0.25913621,301,107.8648742,34
2021,Yacksel Ríos,605441,- - -,0.20175439,114,108.0456332,28
2021,Logan Gilbert,669302,SEA,0.25447316,503,108.0821033,24
2021,Kaleb Ort,672391,BOS,0,3,108.1,29
2021,Joely Rodríguez,570257,- - -,0.22705314,207,108.1293452,29
2021,Luis Castillo,622491,CIN,0.23910336,803,108.1313168,28
2021,Ryan Sherriff,595411,TBR,0.22222222,72,108.1729242,31
2021,Luke Jackson,592426,ATL,0.26819923,261,108.1766983,29
2021,Evan Phillips,623465,- - -,0.18965517,58,108.3263115,26
2021,Kendall Graveman,608665,- - -,0.27477477,222,108.3271682,30
2021,Andrew Heaney,571760,- - -,0.2688172,558,108.3303978,30
2021,Jharel Cotton,605194,TEX,0.2189781,137,108.3599261,29
2021,Justin Topa,623437,MIL,0.04347826,23,108.3736364,30
2021,Jordan Montgomery,656756,NYY,0.24508321,661,108.4169957,28
2021,Ryan Borucki,621366,TOR,0.21428571,98,108.6265217,27
2021,Joey Lucchesi,664192,NYM,0.2611465,157,108.6396777,28
2021,Dylan Floro,571670,MIA,0.22962963,270,108.654023,30
2021,José De León,592254,CIN,0.36263736,91,108.6865698,28
2021,John Means,607644,BAL,0.22711864,590,108.7156829,28
2021,Aaron Nola,605400,PHI,0.29773031,749,108.7157945,28
2021,Scott Alexander,518397,LAD,0.11940299,67,108.7720472,31
2021,Kyle Nelson,669459,CLE,0.16326531,49,108.8694318,24
2021,Caleb Baragar,670056,SFG,0.16326531,98,108.887395,27
2021,Luis Gil,661563,NYY,0.29457364,129,108.9285338,23
2021,Connor Brogdon,641401,PHI,0.21276596,235,108.9617415,26
2021,Spencer Strider,675911,ATL,0,9,109.0073684,22
2021,Andrew Kittredge,552640,TBR,0.27304965,282,109.0484436,31
2021,Jake Diekman,518617,OAK,0.31679389,262,109.0849911,34
2021,Shohei Ohtani,660271,LAA,0.29268293,533,109.1318043,26
2021,Stephen Ridings,670050,NYY,0.35,20,109.3117808,25
2021,Nathan Eovaldi,543135,BOS,0.2552356,764,109.4917796,31
2021,Emilio Pagán,641941,SDP,0.26235741,263,109.5897347,30
2021,Brandon Woodruff,605540,MIL,0.2980226,708,109.6074732,28
2021,Heath Hembree,592390,- - -,0.34156379,243,109.6670917,32
2021,Cody Stashak,664054,MIN,0.34666667,75,109.8283766,27
2021,Adam Ottavino,493603,BOS,0.25724638,276,110.1211384,35
2021,James Paxton,572020,SEA,0.4,5,110.2058333,32
2021,Dillon Tate,622253,BAL,0.17073171,287,110.2097198,27
2021,Michael King,650633,NYY,0.22545455,275,110.3959021,26
2021,Dietrich Enns,608650,TBR,0.28409091,88,110.4282778,30
2021,Sandy Alcantara,645261,MIA,0.24014337,837,110.4635359,25
2021,Jordan Hicks,663855,STL,0.22727273,44,110.6057005,24
2021,Luis Patiño,672715,TBR,0.22222222,333,110.9549158,21
2021,Steven Okert,595345,MIA,0.28169014,142,110.9883612,29
2021,Max Scherzer,453286,- - -,0.34054834,693,110.9918816,36
2021,Domingo Tapia,593619,- - -,0.19259259,135,111.0029638,29
2021,Shane Baz,669358,TBR,0.36734694,49,111.2487879,22
2021,Frankie Montas,593423,OAK,0.26606684,778,111.2496851,28
2021,Chaz Roe,475054,TBR,0.5,4,111.2608696,34
2021,Jeurys Familia,544727,NYM,0.27480916,262,111.2692369,31
2021,Albert Abreu,656061,NYY,0.22435897,156,111.3896754,25
2021,Drew Pomeranz,519141,SDP,0.29411765,102,111.4450698,32
2021,Shane McClanahan,663556,TBR,0.27272727,517,111.4746126,24
2021,Patrick Weigel,622256,MIL,0.42857143,21,111.5258065,26
2021,Gregory Santos,666619,SFG,0.23076923,13,111.5580769,21
2021,Carlos Rodón,607074,CHW,0.34644195,534,111.6596838,28
2021,Logan Webb,657277,SFG,0.26510067,596,111.7948231,24
2021,Hoby Milner,571948,MIL,0.3030303,99,112.0772449,30
2021,Walker Buehler,621111,LAD,0.2601227,815,112.0900064,26
2021,Seranthony Domínguez,622554,PHI,0.33333333,3,112.1028571,26
2021,Chad Green,643338,NYY,0.31428571,315,112.183214,30
2021,Tanner Rainey,663432,WSN,0.2781457,151,112.2658346,28
2021,Gregory Soto,642397,DET,0.27536232,276,112.3842021,26
2021,Tyler Wells,669330,BAL,0.29017857,224,112.623296,26
2021,José Alvarado,621237,PHI,0.27091633,251,112.7474017,26
2021,Scott Effross,664123,CHC,0.31034483,58,112.7819244,27
2021,Brooks Raley,548384,HOU,0.31707317,205,112.7919954,33
2021,Nick Sandlin,680704,CLE,0.34042553,141,112.8892691,24
2021,Tanner Scott,656945,BAL,0.27888446,251,113.2029406,26
2021,Yohan Ramírez,670990,SEA,0.30701754,114,113.2193548,26
2021,Lucas Sims,608371,CIN,0.38974359,195,113.4357635,27
2021,Joe Musgrove,605397,SDP,0.27139037,748,113.5482235,28
2021,Nate Pearson,663878,TOR,0.28169014,71,113.5558804,24
2021,Sean Doolittle,448281,- - -,0.23766816,223,113.8516212,34
2021,Joe Kelly,523260,LAD,0.27472527,182,113.9268917,33
2021,Daniel Hudson,543339,- - -,0.35714286,210,113.9695029,34
2021,Aroldis Chapman,547973,NYY,0.39917695,243,114.10878,33
2021,Adrian Morejon,670970,SDP,0.15,20,114.20725,22
2021,Alex Vesia,681911,LAD,0.33540373,161,114.767716,25
2021,Anthony Bender,669622,MIA,0.28744939,247,114.904334,26
2021,Aaron Loup,571901,NYM,0.26146789,218,115.2637531,33
2021,Nick Snyder,676766,TEX,0.06666667,15,115.4132203,25
2021,Garrett Whitlock,676477,BOS,0.27181208,298,115.5731082,25
2021,Tim Hill,657612,SDP,0.21960784,255,115.6011356,31
2021,Caleb Thielbar,573204,MIN,0.28947368,266,115.6992721,34
2021,Clayton Kershaw,477132,LAD,0.29508197,488,115.7684029,33
2021,Clay Holmes,605280,- - -,0.26712329,292,116.0065021,28
2021,Tyler Glasnow,607192,TBR,0.36176471,340,116.0139222,27
2021,Ryan Pressly,519151,HOU,0.324,250,116.1441387,32
2021,Tejay Antone,622088,CIN,0.328125,128,116.4985633,27
2021,Tyler Matzek,554431,ATL,0.29166667,264,116.9199243,30
2021,Joe Smith,501925,- - -,0.19653179,173,116.9794367,37
2021,Julio Urías,628711,LAD,0.26174497,745,117.1865702,24
2021,Adam Cimber,643256,- - -,0.17832168,286,117.4357237,30
2021,Richard Bleier,542947,MIA,0.19555556,225,117.5019764,34
2021,Dylan Coleman,669395,KCR,0.28,25,117.7036697,24
2021,Raisel Iglesias,628452,LAA,0.37728938,273,117.859176,31
2021,Aaron Ashby,676879,MIL,0.29323308,133,118.101749,23
2021,David Robertson,502085,TBR,0.32,50,118.1153846,36
2021,Michael Kopech,656629,CHW,0.36140351,285,118.2891394,25
2021,Gerrit Cole,543037,NYY,0.33471074,726,118.3818268,30
2021,Adam Conley,543045,TBR,0.21052632,76,118.6562838,31
2021,Andrés Muñoz,662253,SEA,0.25,4,118.8164706,22
2021,Edwin Díaz,621242,NYM,0.3463035,257,118.881712,27
2021,Luis García,472610,STL,0.25185185,135,119.2021158,34
2021,Zack Wheeler,554430,PHI,0.29093051,849,119.2207228,31
2021,A.J. Minter,621345,ATL,0.25791855,221,119.2389897,27
2021,Craig Kimbrel,518886,- - -,0.42553191,235,119.3276297,33
2021,Pete Fairbanks,664126,TBR,0.2962963,189,120.0252455,27
2021,Dan Altavilla,656186,SDP,0.4,5,120.1536364,28
2021,Sam Coonrod,656322,PHI,0.25945946,185,120.2806257,28
2021,Jordan Romano,605447,TOR,0.33596838,253,120.5965598,28
2021,Devin Williams,642207,MIL,0.38495575,226,120.8134813,26
2021,Liam Hendriks,521230,CHW,0.42322097,267,120.865118,32
2021,Paul Sewald,623149,SEA,0.39393939,264,121.3661469,31
2021,Camilo Doval,666808,SFG,0.33944954,109,121.6512832,23
2021,Taylor Rogers,573124,MIN,0.35542169,166,122.540094,30
2021,Jacob deGrom,594798,NYM,0.45061728,324,122.9236007,33
2021,Aaron Bummer,607481,CHW,0.30991736,242,124.8646947,27
2021,Blake Treinen,595014,LAD,0.2972028,286,125.3079963,33
2021,Josh Hader,623352,MIL,0.45535714,224,125.5217427,27
2021,Kenley Jansen,445276,LAD,0.30935252,278,127.9781033,33
2021,Jonathan Loáisiga,642528,NYY,0.24381625,283,128.4838668,26
2021,Andrew Vasquez,607755,LAD,0.5,6,128.8711111,27
2021,Anthony Gose,543238,CLE,0.375,24,130.876,30
2021,Brusdar Graterol,660813,LAD,0.18,150,131.5723372,22
2021,Tyler Rogers,643511,SFG,0.16871166,326,131.5870337,30
2021,Corbin Burnes,669203,MIL,0.35616438,657,131.9689795,26
2021,Dustin May,669160,LAD,0.37634409,93,132.9262445,23
2021,Ryan Thompson,657044,TBR,0.2761194,134,133.2621162,29
2021,Emmanuel Clase,661403,CLE,0.26523297,279,140.9306346,23
2022,Whit Merrifield,593160,TOR,0,6,-46.51076923,33
2022,Andrelton Simmons,592743,CHC,0,9,-5.2992,32
2022,Reese McGuire,624512,BOS,0,3,7.88,27
2022,Albert Pujols,405395,STL,0,7,11.75185185,42
2022,Frank Schwindel,643524,CHC,0,18,14.52666667,30
2022,Darin Ruf,573131,NYM,0,7,14.62,35
2022,Chris Owings,572008,BAL,0,5,15.706,30
2022,Corey Dickerson,572816,STL,0,6,17.31333333,33
2022,Jake Hager,606993,ARI,0.1,10,18.83428571,29
2022,Brett Phillips,621433,TBR,0,22,19.78440678,28
2022,Andrew Knizner,668800,STL,0,3,23.92,27
2022,Victor Caratini,605170,MIL,0,7,24.42,28
2022,Ernie Clement,676391,CLE,0,11,25.53761905,26
2022,Ehire Adrianza,501303,WSN,0.25,4,26.12,32
2022,Randal Grichuk,545341,COL,0,3,27.068,30
2022,Carson Kelly,608348,ARI,0,24,28.61852941,27
2022,Austin Wynns,642851,SFG,0,10,29.91538462,31
2022,Donovan Walton,622268,SFG,0,7,30.66380952,28
2022,Yu Chang,644374,TBR,0,11,33.51384615,26
2022,Matthew Batten,676946,SDP,0.125,8,34.46230769,27
2022,Dee Strange-Gordon,543829,WSN,0,8,35.28,34
2022,Mike Ford,645801,ATL,0,5,35.96,29
2022,Wil Myers,571976,SDP,0,16,37.61860465,31
2022,Kody Clemens,665019,DET,0.03030303,33,37.63409091,26
2022,Yadier Molina,425877,STL,0.08333333,12,37.8485,39
2022,Matt Reynolds,608703,CIN,0,9,38.55809524,31
2022,Alejo Lopez,664670,CIN,0,10,38.62307692,26
2022,Tucker Barnhart,571466,DET,0,5,39.43142857,31
2022,Hanser Alberto,593643,LAD,0.0212766,47,39.62342105,29
2022,Josh Harrison,543281,CHW,0.11111111,18,39.97578947,34
2022,Jack Mayfield,608686,LAA,0,4,40.67384615,31
2022,Alcides Escobar,444876,WSN,0,10,41.21416667,35
2022,Nick Gordon,624503,MIN,0,25,41.23294118,26
2022,Diego Castillo,660636,PIT,0.06666667,15,42.34433333,24
2022,Luis Torrens,620443,SEA,0,10,42.87294118,26
2022,Harold Castro,605612,DET,0.05555556,18,43.4252,28
2022,Hunter Dozier,641531,KCR,0,6,43.58,30
2022,Willians Astudillo,553902,MIA,0,7,45.22434783,30
2022,Jace Peterson,607054,MIL,0,3,45.7075,32
2022,Nicky Lopez,670032,KCR,0,6,45.788,27
2022,Josh VanMeter,642165,PIT,0,27,46.09918919,27
2022,Marwin Gonzalez,503556,NYY,0,1,47.39,33
2022,Ryan McKenna,663630,BAL,0,10,47.80903226,25
2022,Yolmer Sánchez,570560,BOS,0,6,47.98266667,30
2022,Jermaine Palacios,650339,MIN,0.33333333,3,48.3925,25
2022,Nick Maton,665155,PHI,0,8,48.5344,25
2022,Max Schrock,621011,CIN,0,10,51.44,27
2022,Garrett Stubbs,596117,PHI,0.05555556,18,52.16166667,29
2022,Orlando Arcia,606115,ATL,0,4,52.296,27
2022,Christian Bethancourt,542194,- - -,0.05263158,19,52.51,30
2022,Mike Brosseau,670712,MIL,0,13,53.14090909,28
2022,Luis González,670768,SFG,0,30,53.61209302,26
2022,Kevin Plawecki,608700,BOS,0,4,53.90444444,31
2022,Brian Serven,661531,COL,0,3,54.16,27
2022,Franmil Reyes,614177,CHC,0.33333333,3,54.19454545,26
2022,Michael A. Taylor,572191,KCR,0.15384615,13,55.12,31
2022,Chad Pinder,640461,OAK,0,7,55.48,30
2022,Jackie Bradley Jr.,598265,BOS,0.14285714,7,56.274,32
2022,Ildemaro Vargas,545121,WSN,0,3,56.3,30
2022,Phil Gosselin,594838,LAA,0,3,59.42,33
2022,Sheldon Neuse,641914,OAK,0,12,63.98,27
2022,Charlie Culberson,518586,TEX,0,8,64.62571429,33
2022,Darick Hall,669742,PHI,0,2,72.18,26
2022,Pedro Báez,520980,HOU,0.125,16,74.97479452,34
2022,Silvino Bracho,611093,ATL,0.22222222,18,76.40338462,29
2022,Nash Walters,663534,LAA,0,3,78.49625,25
2022,Zach Davies,605200,ARI,0.17894737,570,78.7421338,29
2022,Angel Rondón,667373,STL,0.2,20,78.8272093,24
2022,Anderson Espinoza,659262,CHC,0.22352941,85,79.00154667,24
2022,Tyler Clippard,461325,WSN,0.14285714,28,79.17946903,37
2022,Dallas Keuchel,572971,- - -,0.14851485,303,79.36589465,34
2022,Aníbal Sánchez,434671,WSN,0.16438356,292,79.49155918,38
2022,Tommy Romero,676720,- - -,0.15909091,44,79.62136126,24
2022,Ethan Small,663629,MIL,0.21212121,33,79.9269697,25
2022,Michael Plassmeyer,674681,PHI,0.24137931,29,79.92868687,25
2022,Jordan Sheffield,642068,COL,0.125,8,80.44108108,27
2022,Zach Logue,656657,OAK,0.16342412,257,80.49949415,26
2022,Dereck Rodríguez,605446,MIN,0.11764706,34,81.38082474,30
2022,Matt Dermody,571616,CHC,0.14285714,7,81.42,31
2022,Pablo Reyes,622569,MIL,0,3,81.56666667,28
2022,Jared Koenig,657649,OAK,0.12429379,177,81.81243227,28
2022,Dakota Hudson,641712,STL,0.13087248,596,82.10024832,27
2022,Robert Dugger,667498,- - -,0.26388889,72,82.21485915,26
2022,Domingo Acevedo,642758,OAK,0.21804511,266,82.22445986,28
2022,Cody Sedlock,642060,BAL,0.1875,16,82.63492958,27
2022,T.J. McFarland,519008,STL,0.11034483,145,83.28729897,33
2022,Ashton Goudeau,623485,COL,0.17021277,94,83.36085561,29
2022,Bryan Garcia,650530,DET,0.20238095,84,83.5435589,27
2022,Cole Sands,663485,MIN,0.19310345,145,83.56268454,24
2022,Marcos Diplán,650959,BAL,0.2962963,27,83.71065574,25
2022,Paul Fry,643316,- - -,0.2295082,61,83.97488717,29
2022,Kervin Castro,665645,- - -,0.19298246,57,84.19138075,23
2022,Jake Brentz,641394,KCR,0.23684211,38,84.24591195,27
2022,Michael Pineda,501381,DET,0.13,200,84.2842524,33
2022,Angel Zerpa,672582,KCR,0.06818182,44,84.3709434,22
2022,Kyle Freeland,607536,COL,0.17101828,766,84.39131792,29
2022,Tommy Henry,674072,ARI,0.17560976,205,84.63002597,24
2022,Connor Overton,656818,CIN,0.11290323,124,84.63585012,28
2022,Mark Appel,571446,PHI,0.125,40,84.63785235,30
2022,Francisco Morales,672839,PHI,0.14285714,21,84.78860759,22
2022,Hyun Jin Ryu,547943,TOR,0.14159292,113,85.11908629,35
2022,Adrián Martinez,661309,OAK,0.2046332,259,85.16435696,25
2022,Locke St. John,657766,CHC,0.44444444,9,85.21310345,29
2022,Drew Hutchison,571800,DET,0.14655172,464,85.22909134,31
2022,Reiss Knehr,663753,SDP,0.16949153,59,85.29466812,25
2022,Ronald Bolaños,671790,KCR,0.13793103,87,85.34927711,25
2022,Alex Wells,649144,BAL,0.375,16,85.40393939,25
2022,Ian Hamilton,641656,MIN,0,11,85.40857143,27
2022,A.J. Ladwig,607609,MIA,0,15,85.44390244,29
2022,Chase Anderson,502624,CIN,0.22330097,103,85.49747385,34
2022,Nicholas Padilla,656820,CHC,0.11111111,9,85.51230769,25
2022,Max Castillo,666721,- - -,0.21764706,170,85.52075829,23
2022,Connor Seabold,657756,BOS,0.19387755,98,85.68702703,26
2022,Sandy León,506702,CLE,0,6,85.76,33
2022,Adrian Sampson,592716,CHC,0.17056075,428,85.96341897,30
2022,Robbie Erlin,572362,LAD,0.11111111,9,85.9815,31
2022,Jake Lemoine,621082,OAK,0.17567568,74,86.03973154,28
2022,Drew Carlton,656290,DET,0.21875,32,86.123,26
2022,Alec Mills,621219,CHC,0.13095238,84,86.14152318,30
2022,Kirby Yates,489446,ATL,0.18181818,33,86.35386861,35
2022,Will Vest,676684,DET,0.23161765,272,86.56923608,27
2022,Enoli Paredes,660600,HOU,0.14285714,14,86.58877193,26
2022,Riley O'Brien,676617,SEA,0.2,5,86.66347826,27
2022,Zac Lowther,675912,BAL,0.03571429,28,86.6664,26
2022,Miguel Yajure,664337,PIT,0.13445378,119,86.748869,24
2022,Ronny Henriquez,678692,MIN,0.18,50,86.79546961,22
2022,Justin Dunn,643290,CIN,0.15217391,138,86.84899254,26
2022,Spenser Watkins,657093,BAL,0.1372549,459,87.18854313,29
2022,Mark Leiter Jr.,643410,CHC,0.25886525,282,87.2497095,31
2022,David Peterson,656849,NYM,0.27753304,454,87.28147799,26
2022,Patrick Corbin,571578,WSN,0.17952314,713,87.36524465,32
2022,Jaime Barria,642545,LAA,0.17088608,316,87.42862007,25
2022,Michael Feliz,593140,BOS,0.30769231,13,87.51278689,29
2022,Chad Kuhl,641771,COL,0.17828201,617,87.51795694,29
2022,Marco Gonzales,594835,SEA,0.13154534,783,87.53313274,30
2022,Devin Smeltzer,656970,MIN,0.13937282,287,87.65933497,26
2022,Nick Neidert,663734,MIA,0.15,20,87.67382716,25
2022,Chris Ellis,595939,BAL,0.08,25,87.76192771,29
2022,Daulton Jefferies,641726,OAK,0.1627907,172,87.80978723,26
2022,Zack Greinke,425844,KCR,0.12478632,585,87.86485009,38
2022,Luis Cessa,570666,CIN,0.17559524,336,88.03708675,30
2022,Jay Jackson,543351,ATL,0.2,5,88.04833333,34
2022,Johnny Cueto,456501,CHW,0.15668203,651,88.12160539,36
2022,Kohei Arihara,685503,TEX,0.12962963,108,88.12173862,29
2022,Vladimir Gutierrez,661269,CIN,0.16201117,179,88.17206272,26
2022,Ryan Hendrix,641682,CIN,0.23684211,38,88.21793103,27
2022,Zach Plesac,668676,CLE,0.17605634,568,88.27674356,27
2022,Tyler Thornburg,592804,- - -,0.16091954,87,88.29977901,33
2022,Oliver Pérez,424144,ARI,0.04166667,24,88.31178082,40
2022,Jake Woodford,663765,STL,0.12765957,188,88.33681492,25
2022,Bruce Zimmermann,669145,BAL,0.153125,320,88.40067657,27
2022,Pedro Avila,658648,SDP,0.27777778,18,88.41142857,25
2022,Aaron Brooks,605156,STL,0.1627907,43,88.44597403,32
2022,Josh Rogers,642028,WSN,0.10619469,113,88.46737975,27
2022,José Ureña,570632,- - -,0.14583333,432,88.52292337,30
2022,Cole Irvin,608344,OAK,0.17273954,741,88.53143186,28
2022,Antonio Senzatela,622608,COL,0.13075061,413,88.53313078,27
2022,Kyle Tyler,667725,SDP,0.14285714,14,88.681,25
2022,Casey Mize,663554,DET,0.08888889,45,88.6825,25
2022,Mitch White,669952,- - -,0.17727273,440,88.68630426,27
2022,Jordan Lyles,543475,BAL,0.18604651,774,88.69557119,31
2022,Beau Sulser,676641,- - -,0.19191919,99,88.70922222,28
2022,Raynel Espinal,642659,CIN,0.23809524,21,88.73413333,30
2022,Spencer Patton,607359,TEX,0.17241379,29,88.75063063,34
2022,Luis F. Castillo,622379,DET,0.28571429,14,88.83266667,27
2022,JP Sears,676664,- - -,0.17708333,288,88.84377892,26
2022,Kenny Rosenberg,670046,LAA,0.17021277,47,88.8601807,26
2022,Joan Adon,672851,WSN,0.17741935,310,88.86776667,23
2022,Kyle Hendricks,543294,CHC,0.18539326,356,88.89611318,32
2022,Luke Weaver,596133,- - -,0.2183908,174,88.93727254,28
2022,Alex Faedo,656412,DET,0.18032787,244,89.02084798,26
2022,Dane Dunning,641540,TEX,0.20417288,671,89.12123719,27
2022,Glenn Otto Jr.,657248,TEX,0.18228279,587,89.1274807,26
2022,Paul Blackburn,621112,OAK,0.19057816,467,89.1352446,28
2022,Jhonathan Díaz,646242,LAA,0.16666667,66,89.18229233,25
2022,Tommy Milone,543548,SEA,0.07246377,69,89.29815126,35
2022,Jose Quintana,500779,- - -,0.2017673,679,89.34703111,33
2022,Garrett Hill,682051,DET,0.15209125,263,89.39192893,26
2022,Daniel Lynch IV,663738,KCR,0.20333333,600,89.46854918,25
2022,Konnor Pilkington,663455,CLE,0.19379845,258,89.48236385,24
2022,Caleb Kilian,668873,CHC,0.16071429,56,89.48581197,25
2022,Jake Walsh,673904,STL,0.33333333,15,89.49733333,26
2022,Norge Ruiz,650204,OAK,0.19148936,94,89.53005464,28
2022,Kris Bubic,663460,KCR,0.18739353,587,89.66071256,24
2022,Art Warren,605521,CIN,0.24242424,165,89.72993865,29
2022,Robert Gsellman,607229,CHC,0.140625,64,89.77019417,28
2022,Oliver Ortega,661383,LAA,0.22297297,148,89.78927434,25
2022,David Phelps,475479,TOR,0.23529412,272,89.82297965,35
2022,Anthony DeSclafani,543101,SFG,0.18085106,94,89.83498471,32
2022,Jhoulys Chacín,468504,COL,0.16894977,219,89.84951531,34
2022,Nick Wittgren,621295,STL,0.12686567,134,89.8540249,31
2022,Cory Abbott,676265,WSN,0.20833333,216,89.88359261,26
2022,Jake Odorizzi,543606,- - -,0.18984547,453,89.90101806,32
2022,Ian Anderson,666120,ATL,0.19675456,493,89.90768847,24
2022,Cal Quantrill,615698,CLE,0.16623377,770,89.9279643,27
2022,A.J. Alexy,669935,TEX,0.15789474,38,89.94701987,24
2022,Collin Wiles,621079,OAK,0.2195122,41,89.94792208,28
2022,Carlos Carrasco,471911,NYM,0.23565891,645,90.05273181,35
2022,Jackson Tetreault,676194,WSN,0.09375,96,90.15687671,26
2022,Zach Jackson,667427,OAK,0.33168317,202,90.22455266,27
2022,Ty Blach,621389,COL,0.15025907,193,90.23775049,31
2022,Nick Duron,663975,PHI,0.25,4,90.25875,26
2022,Bryce Elder,693821,ATL,0.20704846,227,90.2924849,23
2022,Erick Fedde,607200,WSN,0.16404887,573,90.42110328,29
2022,Austin Adams,613534,SDP,0.22222222,9,90.45789474,31
2022,Archie Bradley,605151,LAA,0.19230769,78,90.46157377,29
2022,Elvin Rodríguez,660730,DET,0.17482517,143,90.47797542,24
2022,Adrian Houser,605288,MIL,0.15164835,455,90.50401609,29
2022,Chris Flexen,623167,SEA,0.16101695,590,90.50583574,27
2022,Alex Colomé,517008,COL,0.14883721,215,90.51214018,33
2022,Adam Oller,670124,OAK,0.13649852,337,90.53648519,27
2022,Ryan Weber,543901,NYY,0.08108108,37,90.55370079,31
2022,Jerad Eickhoff,595191,PIT,0.14814815,27,90.56192771,31
2022,Justin Grimm,518748,OAK,0.15492958,71,90.5965343,33
2022,Huascar Ynoa,660623,ATL,0.21621622,37,90.67170068,24
2022,James Kaprielian,621076,OAK,0.16984402,577,90.76686327,28
2022,Michael Grove,675627,LAD,0.18045113,133,90.77692273,25
2022,Denyi Reyes,660593,BAL,0.09677419,31,90.85384615,25
2022,Jeff Hoffman,656546,CIN,0.2284264,197,90.87221698,29
2022,Matt Peacock,676840,- - -,0.13043478,46,90.94067114,28
2022,Tanner Tully,668684,CLE,0.06666667,30,90.95948276,27
2022,Chase De Jong,608328,PIT,0.20136519,293,91.05497865,28
2022,Jhon Romero,664584,MIN,0.25,24,91.10719101,27
2022,Craig Stammen,489334,SDP,0.19774011,177,91.2007148,38
2022,David Price,456034,LAD,0.22155689,167,91.22352941,36
2022,Nabil Crismatt,622503,SDP,0.23214286,280,91.24581184,27
2022,Aaron Fletcher,667465,PIT,0.11538462,52,91.25791908,26
2022,Packy Naughton,676050,STL,0.21985816,141,91.34513138,26
2022,José Buttó,676130,NYM,0.2173913,23,91.37081633,24
2022,Tyler Duffey,608648,MIN,0.21081081,185,91.38659459,31
2022,Chris Archer,502042,MIN,0.19221968,437,91.39186308,33
2022,Connor Sadzeck,592712,MIL,0.15384615,13,91.44,30
2022,Simeon Woods Richardson,680573,MIN,0.15,20,91.4821978,21
2022,Chase Silseth,681217,LAA,0.18604651,129,91.51129032,22
2022,Yennier Cano,666974,- - -,0.21649485,97,91.53888325,28
2022,Bryse Wilson,669060,PIT,0.15520629,509,91.61466745,24
2022,Corbin Martin,656686,ARI,0.20792079,101,91.69500022,26
2022,Jared Solomon,676660,CIN,0.23076923,39,91.75638191,25
2022,Andre Pallante,669467,STL,0.15973742,457,91.80972409,23
2022,Carl Edwards Jr.,605218,WSN,0.21875,256,91.8296,30
2022,Austin Pruitt,643493,OAK,0.16964286,224,91.83510507,32
2022,Dylan Bundy,605164,MIN,0.15798319,595,91.88214975,29
2022,Brandon Bielak,656232,HOU,0.22222222,54,91.89616327,26
2022,Miles Mikolas,571945,STL,0.19006211,805,91.99357278,33
2022,Hansel Robles,570663,BOS,0.18918919,111,91.99731132,31
2022,Martín Pérez,527048,TEX,0.20584653,821,92.0032132,31
2022,Aaron Sanchez,592717,- - -,0.15471698,265,92.01049931,29
2022,Wily Peralta,503449,DET,0.19047619,168,92.04906161,33
2022,Tyler Gilbert,656457,ARI,0.1369863,146,92.07265923,28
2022,Jonathan Heasley,669169,KCR,0.15053763,465,92.08304679,25
2022,Mark Melancon,453343,ARI,0.1417004,247,92.15467416,37
2022,Davis Martin,663436,CHW,0.17843866,269,92.15645741,25
2022,Chris Stratton,608717,- - -,0.21505376,279,92.22019728,31
2022,Hunter Strickland,519326,CIN,0.21126761,284,92.22749306,33
2022,Louis Head,545343,- - -,0.1884058,138,92.24907976,32
2022,Louis Varland,686973,MIN,0.19811321,106,92.27827309,24
2022,Domingo Germán,593334,NYY,0.19463087,298,92.32261264,29
2022,Stephen Strasburg,544931,WSN,0.2173913,23,92.33180723,33
2022,Shane Bieber,669456,CLE,0.25031606,791,92.34491277,27
2022,Sam Clay,621348,- - -,0.17241379,29,92.42731351,29
2022,César Valdez,491624,LAA,0,5,92.44625,37
2022,Kevin Herget,643361,TBR,0.13333333,30,92.4609009,31
2022,Dillon Peters,596071,PIT,0.15757576,165,92.49012271,29
2022,Luke Farrell,608652,- - -,0.2,70,92.55291228,31
2022,Matt Wisler,605538,TBR,0.19886364,176,92.57403626,29
2022,Miguel Sánchez,667376,MIL,0.15517241,58,92.5947619,28
2022,Roenis Elías,606273,SEA,0.18181818,33,92.63582609,33
2022,Brad Keller,641745,KCR,0.16531605,617,92.64636141,26
2022,Ronel Blanco,669854,HOU,0.21875,32,92.69983333,28
2022,Mike Mayers,594577,LAA,0.20179372,223,92.72337901,30
2022,Justus Sheffield,656954,SEA,0.1372549,51,92.74234637,26
2022,Anthony Kay,641743,TOR,0.3,10,92.83487179,27
2022,Humberto Castellanos,528748,ARI,0.16494845,194,92.89112873,24
2022,Chi Chi González,592346,- - -,0.15151515,99,92.96676788,30
2022,José Ruiz,614179,CHW,0.25660377,265,93.01449327,27
2022,Beau Brieske,689225,DET,0.15929204,339,93.02535409,24
2022,Daniel Mengden,596043,KCR,0.25,32,93.02605042,29
2022,Tony Gonsolin,664062,LAD,0.23895582,498,93.10936255,28
2022,Jackson Stephens,623451,ATL,0.2,235,93.11701367,28
2022,Cole Sulser,642121,MIA,0.25503356,149,93.13142395,32
2022,Matt Manning,666159,DET,0.18250951,263,93.13680162,24
2022,Chris Paddack,663978,MIN,0.21505376,93,93.20590164,26
2022,Sean Manaea,640455,SDP,0.23248882,671,93.39517554,30
2022,Touki Toussaint,657053,LAA,0.24074074,108,93.46343387,26
2022,Conner Menez,669214,CHC,0.2,5,93.47083333,27
2022,Spencer Howard,675921,TEX,0.17877095,179,93.48168316,25
2022,Sam Selman,572125,OAK,0.24,75,93.48837662,31
2022,Luis Ortiz,656814,SFG,0.18181818,33,93.48864407,26
2022,Luke Barker,673316,MIL,0.15789474,19,93.51259259,30
2022,Josh Winder,680739,MIN,0.16376307,287,93.52617392,25
2022,Germán Márquez,608566,COL,0.19255456,779,93.52967491,27
2022,Bryan Shaw,543766,CLE,0.19923372,261,93.60040695,34
2022,Paolo Espino,502179,WSN,0.1889117,487,93.6326966,35
2022,Matt Foster,641582,CHW,0.21761658,193,93.69730013,27
2022,Tyler Danish,641501,BOS,0.1849711,173,93.73293051,27
2022,Drey Jameson,686753,ARI,0.24489796,98,93.7375,24
2022,Anthony Castro,621593,CLE,0.18461538,65,93.76251908,27
2022,Ryan Weathers,677960,SDP,0.14285714,21,93.76404494,22
2022,Brennan Bernardino,657514,SEA,0,13,93.79414634,30
2022,Buck Farmer,571656,CIN,0.27135678,199,93.82798088,31
2022,Jeurys Familia,544727,- - -,0.20098039,204,93.88171359,32
2022,Shaun Anderson,641312,TOR,0,7,93.88190476,27
2022,Tyler Holton,663947,ARI,0.15384615,39,93.92993711,26
2022,Cam Vieaux,664944,PIT,0.3125,48,93.94859903,28
2022,Mike Minor,501985,CIN,0.16703297,455,93.96549199,34
2022,Michel Baez,673258,SDP,0.28571429,7,93.97923077,26
2022,Evan Lee,681885,WSN,0.1627907,43,93.98036364,25
2022,Jimmy Yacabonis,642231,- - -,0.28767123,73,94.01260274,30
2022,JT Brubaker,664141,PIT,0.22755418,646,94.01578638,28
2022,Max Meyer,676974,MIA,0.23076923,26,94.01662921,23
2022,Eduardo Rodriguez,593958,DET,0.18414322,391,94.05187713,29
2022,Daniel Norris,596057,- - -,0.264,250,94.06175842,29
2022,Francisco Pérez,660906,WSN,0.14583333,48,94.10653846,24
2022,Zach Thompson,605507,PIT,0.16574586,543,94.122519,28
2022,Sam Howard,607572,PIT,0.08333333,12,94.17689655,29
2022,Cody Poteet,547001,MIA,0.18421053,114,94.18884775,27
2022,Logan Gillaspie,670810,BAL,0.13513514,74,94.24038314,25
2022,Noah Syndergaard,592789,- - -,0.16814159,565,94.25304319,29
2022,Matthew Liberatore,669461,STL,0.17391304,161,94.29921331,22
2022,Amir Garrett,607237,KCR,0.25,196,94.30848259,30
2022,Javier Assad,665871,CHC,0.18072289,166,94.31411594,24
2022,Kyle Dowdy,664871,CIN,0.11111111,27,94.33702128,29
2022,Madison Bumgarner,518516,ARI,0.16045845,698,94.36018477,32
2022,Mason Thompson,666168,WSN,0.14851485,101,94.38767123,24
2022,Ranger Suárez,624133,PHI,0.19486405,662,94.50097771,26
2022,Matt Barnes,598264,BOS,0.19318182,176,94.54005739,32
2022,Ian Kennedy,453178,ARI,0.18965517,232,94.54595843,37
2022,Michael Wacha,608379,BOS,0.20194175,515,94.66804515,30
2022,Rico Garcia,670329,BAL,0.05714286,35,94.71088235,28
2022,Vince Velasquez,592826,CHW,0.21630094,319,94.72630524,30
2022,Wade Miley,489119,CHC,0.17610063,159,94.74888099,35
2022,Tyler Kinley,641755,COL,0.27,100,94.75216,31
2022,Corey Knebel,608349,PHI,0.21134021,194,94.77261034,30
2022,Joey Wentz,666214,DET,0.2,135,94.80698011,24
2022,Brad Boxberger,502202,MIL,0.25373134,268,94.81563536,34
2022,Anthony Misiewicz,664948,- - -,0.2231405,121,94.81796653,27
2022,Trevor May,543507,NYM,0.27027027,111,94.92112069,32
2022,Dusten Knight,643400,TBR,0.18367347,49,94.95036649,31
2022,Josh Winckowski,670174,BOS,0.13924051,316,94.9947432,24
2022,Kyle Muller,666205,ATL,0.20338983,59,94.99834783,24
2022,Jharel Cotton,605194,- - -,0.21546961,181,95.03708325,30
2022,Michael Lorenzen,547179,LAA,0.20681265,411,95.07907879,30
2022,Collin McHugh,543521,ATL,0.27573529,272,95.0871719,35
2022,Tyler Mahle,641816,- - -,0.25049702,503,95.10811542,27
2022,Zack Thompson,668868,STL,0.19852941,136,95.14563478,24
2022,Travis Lakins,664042,BAL,0.16,50,95.14663462,28
2022,Hunter Gaddis,683769,CLE,0.125,40,95.18549708,24
2022,Sean Poppen,664092,ARI,0.18333333,120,95.21762014,28
2022,Kyle Gibson,502043,PHI,0.2005571,718,95.24200659,34
2022,Edwin Uceta,670955,ARI,0.17808219,73,95.27479452,24
2022,Sean Hjelle,663546,SFG,0.24347826,115,95.28244726,25
2022,Bubby Rossman,657745,PHI,0.2,5,95.30666667,30
2022,Austin Gomber,596295,COL,0.17958412,529,95.4982399,28
2022,Cade Cavalli,676917,WSN,0.26086957,23,95.517,23
2022,Garrett Richards,572070,TEX,0.19459459,185,95.53243159,34
2022,Eli Morgan,669212,CLE,0.28125,256,95.54134587,26
2022,Matt Swarmer,664161,CHC,0.23529412,153,95.54152145,28
2022,Brady Singer,663903,KCR,0.24154589,621,95.57626694,25
2022,Drew Smyly,592767,CHC,0.20357942,447,95.61929111,33
2022,Jake Reed,596082,- - -,0.16883117,77,95.65520662,29
2022,Kyle Bradish,680694,BAL,0.21807466,509,95.67293467,25
2022,Andrew Chafin,605177,DET,0.27572016,243,95.68191964,32
2022,Steven Brault,643230,CHC,0.20512821,39,95.68585987,30
2022,Ryan Feltner,663372,COL,0.19626168,428,95.71048572,25
2022,Jose Cuas,621016,KCR,0.18888889,180,95.7725,28
2022,Phoenix Sanders,676637,TBR,0.21052632,57,95.77581395,27
2022,Parker Markel,571917,OAK,0.23076923,13,95.78098361,31
2022,Blake Taylor,642130,HOU,0.12,75,95.80131148,26
2022,Phillips Valdez,570488,BOS,0.18055556,72,95.84571429,30
2022,R.J. Alvarez,571439,NYM,0.15384615,13,95.8692,31
2022,Ethan Roberts,681799,CHC,0.23684211,38,95.89367232,24
2022,Ryan Burr,621114,CHW,0.17948718,39,95.90496644,28
2022,Dauri Moreta,664294,CIN,0.24375,160,95.93033228,26
2022,Wil Crowe,640444,PIT,0.20481928,332,95.98739208,27
2022,Adam Wainwright,425794,STL,0.17808219,803,96.05394443,40
2022,Jarlín García,606424,SFG,0.20740741,270,96.09531034,29
2022,Lucas Giolito,608337,CHW,0.25358166,698,96.13333333,27
2022,Dinelson Lamet,659275,- - -,0.30201342,149,96.23176672,29
2022,Kolby Allard,663465,TEX,0.2183908,87,96.26711409,24
2022,Eduard Bazardo,660825,BOS,0.16923077,65,96.32110169,26
2022,Xzavion Curry,675540,CLE,0.06382979,47,96.32715152,23
2022,Ross Stripling,548389,TOR,0.20708955,536,96.35678136,32
2022,Nick Mears,683232,PIT,0.25,8,96.3683871,25
2022,Tyler Beede,595881,- - -,0.13684211,285,96.37126348,29
2022,Hirokazu Sawamura,617228,BOS,0.18099548,221,96.39308523,34
2022,Trevor Williams,592866,NYM,0.22580645,372,96.42015192,30
2022,Matt Koch,571863,SEA,0.15789474,19,96.43305556,31
2022,Joel Payamps,606303,- - -,0.17012448,241,96.44456133,28
2022,Chasen Shreve,592741,NYM,0.25438596,114,96.46883721,31
2022,George Kirby,669923,SEA,0.24538745,542,96.49732314,24
2022,Anderson Severino,644429,CHW,0.26470588,34,96.538,27
2022,Nate Fisher,688010,NYM,0.09090909,11,96.558,26
2022,Jose Alvarez,501625,SFG,0.19736842,76,96.57176471,33
2022,Michael Rucker,621074,CHC,0.21834061,229,96.57638202,28
2022,Jack Flaherty,656427,STL,0.19760479,167,96.59688628,26
2022,Enyel De Los Santos,660853,CLE,0.28372093,215,96.65130332,26
2022,Joey Krehbiel,607216,BAL,0.18442623,244,96.66186858,29
2022,Gerardo Reyes,622103,LAA,0,12,96.66638298,29
2022,Tony Santillan,663574,CIN,0.21875,96,96.67371007,25
2022,Jason Alexander,669920,MIL,0.14330218,321,96.71257871,29
2022,Chris Devenski,606965,- - -,0.17910448,67,96.77618257,31
2022,Jake Bird,656234,COL,0.19905213,211,96.80365591,26
2022,Logan Allen,663531,- - -,0.175,40,96.85609756,25
2022,Daniel Castano,641447,MIA,0.12820513,156,96.8954637,27
2022,Yusei Kikuchi,579328,TOR,0.27312775,454,96.94946744,31
2022,Keegan Thompson,624522,CHC,0.22268041,485,96.97559048,27
2022,Luis Perdomo,606131,MIL,0.125,96,97.02652632,29
2022,Bailey Ober,641927,MIN,0.2246696,227,97.04683099,26
2022,Elvis Peguero,665625,LAA,0.15584416,77,97.09512987,25
2022,Merrill Kelly,518876,ARI,0.22014925,804,97.10933464,33
2022,Alex Young,622065,- - -,0.18103448,116,97.13161613,28
2022,Ryan Pepiot,686752,LAD,0.2625,160,97.20329955,24
2022,Taijuan Walker,592836,NYM,0.20338983,649,97.21732265,29
2022,Mike Baumann,657508,BAL,0.15436242,149,97.24709788,26
2022,T.J. Zeuch,643615,CIN,0.078125,64,97.26016,26
2022,Jimmy Lambert,669424,CHW,0.22058824,204,97.26221543,27
2022,James Norwood,656803,PHI,0.25882353,85,97.26691689,28
2022,Sean Newcomb,656794,- - -,0.20895522,134,97.2915942,29
2022,Nick Pivetta,601713,BOS,0.22639069,773,97.33821222,29
2022,Zack Kelly,677161,BOS,0.18644068,59,97.36331839,27
2022,Rowan Wick,592858,CHC,0.23469388,294,97.37213842,29
2022,Kodi Whitley,676831,STL,0.20338983,59,97.40281481,27
2022,Noé Ramirez,598287,ARI,0.2372093,215,97.42610048,32
2022,Tyler Alexander,641302,DET,0.14285714,427,97.45442439,27
2022,Cristopher Sánchez,650911,PHI,0.19774011,177,97.45681198,25
2022,Josh Staumont,622251,KCR,0.24431818,176,97.45813187,28
2022,Tayler Scott,605463,SDP,0.22033898,59,97.46478431,30
2022,Casey Lawrence,596271,TOR,0.13924051,79,97.49414141,34
2022,Ray Kerr,678061,SDP,0.14285714,21,97.50022727,27
2022,Pablo López,641154,MIA,0.23641304,736,97.50941095,26
2022,Nick Nelson,656793,PHI,0.2254902,306,97.53353262,26
2022,Justin Topa,623437,MIL,0.11428571,35,97.60528,31
2022,José Urquidy,664353,HOU,0.19676946,681,97.61226473,27
2022,Sonny Gray,543243,MIN,0.2397541,488,97.61434853,32
2022,Heath Hembree,592390,- - -,0.1588785,107,97.62525253,33
2022,Anthony Banda,607455,- - -,0.22222222,135,97.63484574,28
2022,Drew Steckenrider,608716,SEA,0.14705882,68,97.65433566,31
2022,Gavin Hollowell,668970,COL,0.25,32,97.65552448,24
2022,Roansy Contreras,672710,PIT,0.21078431,408,97.66019843,22
2022,Ken Giles,571704,SEA,0.33333333,18,97.69044776,31
2022,Collin Snider,676092,KCR,0.14569536,151,97.74085911,26
2022,Yoan López,661255,NYM,0.19607843,51,97.78482051,29
2022,Steve Cishek,518553,WSN,0.25783972,287,97.79089667,36
2022,Sean Reid-Foley,656887,NYM,0.18181818,44,97.79376884,26
2022,Damon Jones,676103,PHI,0.19230769,26,97.86380952,27
2022,Chris Sale,519242,BOS,0.2,25,97.87098039,33
2022,Josiah Gray,680686,WSN,0.23728814,649,97.87608478,24
2022,Austin Warren,681810,LAA,0.12857143,70,97.95007576,26
2022,Yerry De los Santos,660787,PIT,0.23214286,112,97.95595506,24
2022,Darren O'Day,503285,ATL,0.27659574,94,97.97890909,39
2022,Ralph Garza Jr.,621248,TBR,0.11111111,153,97.98136452,28
2022,Kevin Ginkel,656464,ARI,0.24193548,124,97.98548117,28
2022,Juan Minaya,573668,MIN,0.24444444,45,98.02149425,31
2022,Sergio Romo,489265,- - -,0.17721519,79,98.10202468,39
2022,Tyson Miller,668338,TEX,0.14285714,56,98.10596491,26
2022,Drew VerHagen,572403,STL,0.16981132,106,98.13148325,31
2022,Luis Frías,666818,ARI,0.15555556,90,98.13213483,24
2022,Zack Littell,641793,SFG,0.20526316,190,98.13841689,26
2022,Trevor Rogers,669432,MIA,0.22222222,477,98.16508527,24
2022,James Naile,664942,STL,0.13513514,37,98.17555556,29
2022,Brad Hand,543272,PHI,0.19191919,198,98.17808354,32
2022,Jesus Cruz,672911,ATL,0.15384615,39,98.19312883,27
2022,Nick Martinez,607259,SDP,0.21205357,448,98.19539506,31
2022,Angel De Jesus,669804,DET,0.12962963,54,98.19884817,25
2022,Reiver Sanmartin,665665,CIN,0.18359375,256,98.20026729,26
2022,Brock Burke,656271,TEX,0.27439024,328,98.21263478,25
2022,J.B. Wendelken,605525,ARI,0.17213115,122,98.24110656,29
2022,JoJo Romero,668941,- - -,0.25373134,67,98.25023381,25
2022,Jakob Junis,596001,SFG,0.20502092,478,98.25282364,29
2022,Derek Law,571882,- - -,0.18478261,92,98.25400116,31
2022,Alek Manoah,666201,TOR,0.22900763,786,98.2639429,24
2022,Triston McKenzie,663474,CLE,0.25641026,741,98.2656507,24
2022,Patrick Murphy,641907,WSN,0.11764706,34,98.27903448,27
2022,Jameson Taillon,592791,NYY,0.20741758,728,98.33727696,30
2022,Gabe Speier,642100,KCR,0.18181818,77,98.34258557,27
2022,Reyes Moronta,606625,- - -,0.23602484,161,98.43097114,29
2022,Brett Martin,656685,TEX,0.18867925,212,98.47112928,27
2022,Alex Claudio,592222,NYM,0.15384615,13,98.4768,30
2022,Tylor Megill,656731,NYM,0.255,200,98.65375859,26
2022,Alex Cobb,502171,SFG,0.23930269,631,98.6964857,34
2022,Trevor Kelley,665001,MIL,0.21495327,107,98.72486957,29
2022,David McKay,641853,- - -,0.09375,32,98.78912842,27
2022,Braxton Garrett,666129,MIA,0.24128686,373,98.81745987,24
2022,MacKenzie Gore,669022,SDP,0.23300971,309,98.8546492,23
2022,Wandy Peralta,593974,NYY,0.21076233,223,98.85696822,30
2022,Mitch Keller,656605,PIT,0.20087336,687,98.87270773,26
2022,Víctor Arano,644364,WSN,0.23529412,187,98.88127786,27
2022,Edward Cabrera,665795,MIA,0.25773196,291,98.92461665,24
2022,Brendon Little,663893,CHC,0,6,98.99272727,25
2022,Pierce Johnson,572955,SDP,0.328125,64,99.00692857,31
2022,Eric Lauer,641778,MIL,0.23751891,661,99.05939303,27
2022,Adonis Medina,658431,NYM,0.15454545,110,99.1103163,25
2022,Zack Britton,502154,NYY,0.11111111,9,99.14358974,34
2022,Dennis Santana,642701,TEX,0.21176471,255,99.18665983,26
2022,Carlos Estévez,608032,COL,0.22978723,235,99.20743137,29
2022,Jimmy Herget,623474,LAA,0.23684211,266,99.23832905,28
2022,Chad Smith,663385,COL,0.27058824,85,99.25910979,27
2022,Ken Waldichuk,686610,OAK,0.2260274,146,99.26290598,24
2022,Arodys Vizcaíno,527055,KCR,0.10344828,29,99.2813913,31
2022,José Berríos,621244,TOR,0.19787517,753,99.32488578,28
2022,Dean Kremer,665152,BAL,0.16992188,512,99.34211054,26
2022,Jake McGee,459429,- - -,0.15337423,163,99.34254256,35
2022,Corey Kluber,446372,TBR,0.20174165,689,99.34783817,36
2022,Ryan Tepera,572193,LAA,0.20258621,232,99.37642578,34
2022,Kutter Crawford,676710,BOS,0.23053892,334,99.4241852,26
2022,Mike Clevinger,605182,SDP,0.18762887,485,99.45483853,31
2022,Jonathan Hernández,642546,TEX,0.20610687,131,99.49011719,25
2022,Patrick Sandoval,663776,LAA,0.23667712,638,99.52924397,25
2022,Max Kranick,668820,PIT,0.21052632,19,99.54552632,24
2022,Austin Brice,592169,PIT,0.18518519,27,99.55886792,30
2022,Mychal Givens,571710,- - -,0.27307692,260,99.57604429,32
2022,Cole Ragans,666142,TEX,0.15517241,174,99.60726241,24
2022,Kirby Snead,669912,OAK,0.16666667,210,99.65907097,27
2022,Robbie Ray,592662,SEA,0.27354839,775,99.65967784,30
2022,Fernando Cruz,518585,CIN,0.328125,64,99.67084615,32
2022,Matthew Boyd,571510,SEA,0.24528302,53,99.71612565,31
2022,Caleb Smith,592761,ARI,0.21523179,302,99.72492694,30
2022,Kendall Graveman,608665,CHW,0.23157895,285,99.72521236,31
2022,Lucas Gilbreath,656458,COL,0.26203209,187,99.80518892,26
2022,Bailey Falter,663559,PHI,0.21203438,349,99.8213205,25
2022,Taylor Clarke,664199,KCR,0.2364532,203,100.0429138,29
2022,Tommy Hunter,488984,NYM,0.23404255,94,100.1113295,35
2022,Reed Garrett,657585,WSN,0.12244898,49,100.1322388,29
2022,Thomas Szapucki,663378,- - -,0.26865672,67,100.1452262,26
2022,Freddy Tarnok,676206,ATL,0.33333333,3,100.29,23
2022,Scott Alexander,518397,SFG,0.15873016,63,100.302399,32
2022,Shane Baz,669358,TBR,0.25641026,117,100.3103153,23
2022,Zach Eflin,621107,PHI,0.20766773,313,100.3316069,28
2022,José Suarez,660761,LAA,0.22294372,462,100.3516657,24
2022,Shane Greene,572888,- - -,0.15384615,13,100.3984,33
2022,Manny Banuelos,544365,- - -,0.24,175,100.4262116,31
2022,Tyler Cyr,664202,- - -,0.29090909,55,100.4411607,29
2022,Alex Wood,622072,SFG,0.23603604,555,100.5488272,31
2022,Tyler Anderson,542881,LAD,0.19519095,707,100.5518887,32
2022,Erich Uelmen,657272,CHC,0.17213115,122,100.5808207,26
2022,Chris Mazza,607391,TBR,0.14285714,35,100.6066667,32
2022,Tommy Nance,667297,MIA,0.29081633,196,100.6709987,31
2022,Luis Garcia,677651,HOU,0.24416796,643,100.7628443,25
2022,John Brebbia,605154,SFG,0.1875,288,100.7783575,32
2022,Tyler Matzek,554431,ATL,0.19565217,184,100.7823562,31
2022,Danny Coulombe,543056,MIN,0.16981132,53,100.7976419,32
2022,Justin Steele,657006,CHC,0.24609375,512,100.8628177,26
2022,Austin Voth,608723,- - -,0.20361991,442,100.9017074,30
2022,Bennett Sousa,656986,CHW,0.125,96,100.9061538,27
2022,Caleb Ferguson,657571,LAD,0.26056338,142,100.9133349,25
2022,Reid Detmers,672282,LAA,0.22634508,539,100.9527214,22
2022,Andrew Wantz,681806,LAA,0.25490196,204,101.0393594,26
2022,Austin Davis,656354,- - -,0.24242424,264,101.0422305,29
2022,Drew Rasmussen,656876,TBR,0.2140411,584,101.0526947,26
2022,Easton McGee,668834,TBR,0.07142857,14,101.086087,24
2022,Jordan Montgomery,656756,- - -,0.21823204,724,101.1736914,29
2022,Lance McCullers Jr.,621121,HOU,0.25641026,195,101.179473,28
2022,Walker Buehler,621111,LAD,0.21167883,274,101.1909369,27
2022,Tarik Skubal,669373,DET,0.24528302,477,101.1970561,25
2022,Andrés Machado,600921,WSN,0.17624521,261,101.2636985,29
2022,Hoby Milner,571948,MIL,0.23529412,272,101.278854,31
2022,Kyle Nelson,669459,ARI,0.1986755,151,101.300717,25
2022,Michael Fulmer,605242,- - -,0.22101449,276,101.3149672,29
2022,José Cisnero,542585,DET,0.21904762,105,101.3367442,33
2022,Marcus Stroman,573186,CHC,0.20913884,569,101.3607356,31
2022,Keynan Middleton,641871,ARI,0.2173913,69,101.3809167,28
2022,Kyle Finnegan,640448,WSN,0.26119403,268,101.3854321,30
2022,Janson Junk,676083,LAA,0.2972973,37,101.3976101,26
2022,Justin Lawrence,664875,COL,0.2513089,191,101.4047167,27
2022,Aaron Civale,650644,CLE,0.24078624,407,101.407096,27
2022,Foster Griffin,656492,- - -,0.125,32,101.4623687,26
2022,Johan Oviedo,670912,- - -,0.2231405,242,101.4713061,24
2022,Ross Detwiler,446321,CIN,0.2295082,122,101.4742553,36
2022,Kyle Wright,657140,ATL,0.23577236,738,101.4753138,26
2022,Seth Lugo,607625,NYM,0.25367647,272,101.6362292,32
2022,Ian Gibaut,664139,- - -,0.3,160,101.7919597,28
2022,Andrew Bellatti,571479,PHI,0.33913043,230,101.8013258,30
2022,Taylor Widener,642203,ARI,0.17073171,82,101.8355623,27
2022,Yonny Chirinos,630023,TBR,0.2,30,101.9204,28
2022,Aneurys Zabala,656008,MIA,0.18181818,11,101.9257143,25
2022,Rich Hill,448179,BOS,0.20722433,526,102.0100905,42
2022,Michael Kopech,656629,CHW,0.21255061,494,102.0104975,26
2022,J.P. Feyereisen,656420,TBR,0.29069767,86,102.0222674,29
2022,Logan Gilbert,669302,SEA,0.22715405,766,102.0784165,25
2022,Tommy Kahnle,592454,LAD,0.30434783,46,102.0880233,32
2022,Max Fried,608331,ATL,0.2319236,733,102.136074,28
2022,Cody Morris,663752,CLE,0.23,100,102.3160891,25
2022,Luis Patiño,672715,TBR,0.1122449,98,102.3164948,22
2022,Luis Severino,622663,NYY,0.27654321,405,102.3961952,28
2022,Tucker Davidson,656353,- - -,0.13580247,243,102.4041158,26
2022,Luke Bard,572703,- - -,0.13559322,59,102.4226686,31
2022,Diego Castillo,650895,SEA,0.23873874,222,102.520381,28
2022,Jake Cousins,664776,MIL,0.3559322,59,102.5915356,27
2022,Freddy Peralta,642547,MIL,0.27129338,317,102.5936887,26
2022,Taylor Hearn,621368,TEX,0.21603563,449,102.6187126,27
2022,Bryan Hoeing,663773,MIA,0.09836066,61,102.6673156,25
2022,Rony García,665621,DET,0.23300971,206,102.8388749,24
2022,Robert Stephenson,596112,- - -,0.22267206,247,102.9379903,29
2022,Charlie Morton,450203,ATL,0.28159341,728,103.0185719,38
2022,Scott Barlow,605130,KCR,0.26551724,290,103.0597835,29
2022,John King,667463,TEX,0.13513514,222,103.0811007,27
2022,Peter Strzelecki,657265,MIL,0.27027027,148,103.136194,27
2022,Trent Thornton,663423,TOR,0.1957672,189,103.1502108,28
2022,Matt Gage,657424,TOR,0.24,50,103.1544361,29
2022,Jeremy Beasley,676886,TOR,0.296875,64,103.1560148,26
2022,Erik Swanson,657024,SEA,0.33980583,206,103.1849255,28
2022,Lance Lynn,458681,CHW,0.2421875,512,103.232281,35
2022,Will Smith,519293,- - -,0.24904215,261,103.2378389,32
2022,Daniel Duarte,650960,CIN,0.14285714,14,103.2457143,25
2022,Joe Barlow,669618,TEX,0.19178082,146,103.2797143,26
2022,Elieser Hernández,622694,MIA,0.21582734,278,103.3025946,27
2022,Cooper Criswell,681867,TBR,0.30769231,13,103.3226667,25
2022,Carlos Hernández,672578,KCR,0.13157895,266,103.3434104,25
2022,Justin Bruihl,677865,LAD,0.13,100,103.3441441,25
2022,Alex Lange,656638,DET,0.30258303,271,103.3684739,26
2022,Cristofer Ogando,642657,TBR,0.11764706,17,103.3756757,28
2022,Jovani Morán,663558,MIN,0.32926829,164,103.3875112,25
2022,Lucas Luetge,476595,NYY,0.23904382,251,103.3895464,35
2022,Erasmo Ramírez,541640,WSN,0.17579251,347,103.5679164,32
2022,Tyler Wells,669330,BAL,0.17966903,423,103.6004863,27
2022,Gregory Santos,666619,SFG,0.11764706,17,103.6321212,22
2022,Bowden Francis,670102,TOR,0.33333333,3,103.6333333,26
2022,David Bednar,670280,PIT,0.32857143,210,103.6493587,27
2022,Calvin Faucher,676534,TBR,0.20792079,101,103.6973203,26
2022,José Quijada,650671,LAA,0.30769231,169,103.8317971,26
2022,Parker Mushinski,656786,HOU,0.26666667,30,103.8409009,26
2022,Jon Gray,592351,TEX,0.2571977,521,103.8432051,30
2022,Génesis Cabrera,650893,STL,0.16494845,194,103.8489979,25
2022,José Leclerc,600917,TEX,0.27272727,198,103.8770437,28
2022,Ryan Yarbrough,642232,TBR,0.17183099,355,103.879278,30
2022,Brandon Hughes,676714,CHC,0.28451883,239,103.8797899,26
2022,Trevor Richards,670950,TOR,0.29181495,281,103.8999397,29
2022,Kirk McCarty,668948,CLE,0.16352201,159,103.9205959,26
2022,Jesús Luzardo,666200,MIA,0.3,400,103.9263515,24
2022,Drew Smith,622098,NYM,0.28342246,187,103.9575835,28
2022,Vinny Nittoli,657697,PHI,0.125,8,104.0655,31
2022,Jackson Kowar,663804,KCR,0.20731707,82,104.0845659,25
2022,Colin Holderman,670059,- - -,0.20338983,118,104.0992279,26
2022,Joe Ryan,657746,MIN,0.25,604,104.1017275,26
2022,Nick Snyder,676766,TEX,0,7,104.2025806,26
2022,Kyle Barraclough,607457,LAA,0.24324324,37,104.2618705,32
2022,Tim Mayza,641835,TOR,0.22797927,193,104.2746101,30
2022,Jalen Beeks,656222,TBR,0.28,250,104.2949441,28
2022,Miguel Díaz,622766,DET,0.21428571,14,104.3192857,27
2022,Duane Underwood Jr.,621249,PIT,0.22007722,259,104.3244081,27
2022,Andrew Heaney,571760,LAD,0.35483871,310,104.3362121,31
2022,Dominic Leone,608678,SFG,0.23423423,222,104.3459854,30
2022,Huascar Brazobán,623211,MIA,0.28368794,141,104.363962,32
2022,Zack Weiss,592848,LAA,0.32142857,56,104.3715238,30
2022,Joel Kuhnel,669270,CIN,0.21960784,255,104.3724536,27
2022,Tanner Houck,656557,BOS,0.22672065,247,104.4506672,26
2022,Chris Bassitt,605135,NYM,0.22416107,745,104.4585417,33
2022,Trevor Stephan,663986,CLE,0.3071161,267,104.4661598,26
2022,Cionel Pérez,672335,BAL,0.23504274,234,104.4754667,26
2022,Andre Jackson,656578,LAD,0.21428571,42,104.4900645,26
2022,Yu Darvish,506433,SDP,0.25551232,771,104.5470668,35
2022,Kaleb Ort,672391,BOS,0.20149254,134,104.5936106,30
2022,Ryne Nelson,669194,ARI,0.23188406,69,104.5976285,24
2022,Hunter Brown,686613,HOU,0.275,80,104.7076375,23
2022,Sam Long,669674,SFG,0.18232044,181,104.7288942,26
2022,Framber Valdez,664285,HOU,0.23458283,827,104.7743161,28
2022,Tanner Banks,621383,CHW,0.22580645,217,104.8231955,30
2022,Domingo Tapia,593619,OAK,0.13333333,90,104.8408264,30
2022,Dany Jiménez,666204,OAK,0.23448276,145,104.8654647,28
2022,Javy Guerra,642770,- - -,0.12195122,82,105.0274545,26
2022,Nathan Eovaldi,543135,BOS,0.22391304,460,105.0442075,32
2022,Manuel Rodríguez,655889,CHC,0.14035088,57,105.1207843,25
2022,Rafael Montero,606160,HOU,0.27037037,270,105.1281577,31
2022,Kevin Gausman,592332,TOR,0.28275862,725,105.2007778,31
2022,Thomas Hatch,641672,TOR,0.15384615,26,105.2521127,27
2022,Phillip Diehl,670426,CIN,0.10714286,28,105.254,27
2022,Steven Matz,571927,STL,0.26086957,207,105.2743064,31
2022,Brayan Bello,678394,BOS,0.20522388,268,105.2870486,23
2022,Giovanny Gallegos,606149,STL,0.3106383,235,105.2881911,30
2022,Darwinzon Hernández,650382,BOS,0.20930233,43,105.2887912,25
2022,Andrew Kittredge,552640,TBR,0.18666667,75,105.3653219,32
2022,Miguel Castro,612434,NYY,0.23664122,131,105.3703113,27
2022,Joe Kelly,523260,CHW,0.31176471,170,105.3733444,34
2022,Zac Gallen,668678,ARI,0.26890756,714,105.39842,26
2022,Griffin Jax,643377,MIN,0.26896552,290,105.4105382,27
2022,JT Chargois,608638,TBR,0.19767442,86,105.4628144,31
2022,Hunter Harvey,640451,WSN,0.2866242,157,105.480121,27
2022,Sam Coonrod,656322,PHI,0.20689655,58,105.4834043,29
2022,Dylan Lee,669276,ATL,0.29353234,201,105.5803467,27
2022,John Schreiber,670167,BOS,0.28793774,257,105.6067583,28
2022,Ryan Brasier,518489,BOS,0.24334601,263,105.6548436,34
2022,Yimi García,554340,TOR,0.23481781,247,105.6840347,31
2022,Bryan Baker,641329,BAL,0.26116838,291,105.7011043,27
2022,Nick Lodolo,666157,CIN,0.29705215,441,105.7654741,24
2022,Seth Martinez,661527,HOU,0.24516129,155,105.8207496,27
2022,Jeff Brigham,656257,MIA,0.27722772,101,105.9288517,30
2022,Dillon Tate,622253,BAL,0.20547945,292,105.9441411,28
2022,Joe Musgrove,605397,SDP,0.24864865,740,106.0292297,29
2022,Joe Mantiply,573009,ARI,0.25102881,243,106.0389006,31
2022,Steven Wilson,621051,SDP,0.24766355,214,106.1433202,27
2022,Anthony Gose,543238,CLE,0.30434783,92,106.1441645,31
2022,Jacob Barnes,606930,- - -,0.12371134,97,106.2256068,32
2022,Jeffrey Springs,605488,TBR,0.26229508,549,106.2499368,29
2022,Jandel Gustave,594311,MIL,0.225,120,106.2721888,29
2022,Luis Gil,661563,NYY,0.26315789,19,106.2939759,24
2022,Cam Alldred,682027,PIT,0.25,4,106.3125,25
2022,Raisel Iglesias,628452,- - -,0.31707317,246,106.3260609,32
2022,Gregory Soto,642397,DET,0.22813688,263,106.3841712,27
2022,Lucas Sims,608371,CIN,0.16129032,31,106.4734884,28
2022,Aaron Loup,571901,LAA,0.2,260,106.502999,34
2022,William Woods,682016,ATL,0.25,8,106.5141935,23
2022,Greg Holland,518813,TEX,0.25,20,106.51575,36
2022,Nick Vespi,663989,BAL,0.25,112,106.5828315,26
2022,Jordan Holloway,656548,MIA,0.18181818,11,106.5931915,26
2022,Clarke Schmidt,657376,NYY,0.23728814,236,106.6163727,26
2022,Jason Foley,671345,DET,0.16796875,256,106.6369678,26
2022,Daniel Hudson,543339,LAD,0.30927835,97,106.6694321,35
2022,Emilio Pagán,641941,MIN,0.30656934,274,106.6752356,31
2022,Adam Kolarek,592473,OAK,0.11392405,79,106.7969085,33
2022,Chris Martin,455119,- - -,0.32888889,225,106.8449666,36
2022,Anthony Bass,542914,- - -,0.26545455,275,106.8519369,34
2022,Chad Green,643338,NYY,0.25806452,62,106.8557025,31
2022,Reynaldo López,625643,CHW,0.2480315,254,106.9293874,28
2022,Jorge Alcala,660896,MIN,0.2,10,106.952,26
2022,Keegan Akin,669211,BAL,0.23404255,329,107.1080706,27
2022,Wyatt Mills,670090,- - -,0.203125,128,107.1672452,27
2022,Tayler Saucedo,642048,TOR,0,15,107.2866667,29
2022,Graham Ashcraft,668933,CIN,0.15301724,464,107.3004105,24
2022,Rob Zastryzny,642239,- - -,0.1875,16,107.4088889,30
2022,Brent Suter,608718,MIL,0.19485294,272,107.4143071,32
2022,Jake Fishman,670288,MIA,0.125,48,107.5090058,27
2022,Justin Wilson,458677,CIN,0.53846154,13,107.5144444,34
2022,Ryan Castellani,624418,OAK,0.09090909,11,107.5448889,26
2022,Frankie Montas,593423,- - -,0.23355263,608,107.6996322,29
2022,Garrett Whitlock,676477,BOS,0.26366559,311,107.7073248,26
2022,Matt Moore,519043,TEX,0.27302632,304,107.7136064,33
2022,Albert Abreu,656061,- - -,0.22093023,172,107.9576687,26
2022,Taylor Rogers,573124,- - -,0.30656934,274,107.9945501,31
2022,Héctor Neris,593576,HOU,0.30038023,263,108.0081898,33
2022,Shelby Miller,571946,SFG,0.46666667,30,108.0395276,31
2022,Trevor Megill,656730,MIN,0.25,196,108.1784156,28
2022,Josh Fleming,676596,TBR,0.17159763,169,108.1930772,26
2022,Joely Rodríguez,570257,NYM,0.26388889,216,108.2047087,30
2022,Jesus Tinoco,622786,TEX,0.21428571,84,108.2217143,27
2022,Hayden Wesneski,669713,CHC,0.25,132,108.2275105,24
2022,Ryne Stanek,592773,HOU,0.27678571,224,108.257743,30
2022,José Castillo,620454,SDP,0.2,5,108.31125,26
2022,Matt Festa,670036,SEA,0.29223744,219,108.4164653,29
2022,Max Scherzer,453286,NYM,0.30619469,565,108.4372011,37
2022,Eric Stout,657770,- - -,0.22727273,110,108.4546509,29
2022,Luis Ortiz,682847,PIT,0.24637681,69,108.4722909,23
2022,Trevor Gott,641627,MIL,0.23655914,186,108.4742707,29
2022,Sean Doolittle,448281,WSN,0.35294118,17,108.5825455,35
2022,Julian Merryweather,657240,TOR,0.19327731,119,108.5964138,30
2022,Dylan Floro,571670,MIA,0.21818182,220,108.6321719,31
2022,Sam Hentges,656529,CLE,0.29387755,245,108.6386952,25
2022,Josh Sborz,622250,TEX,0.32,100,108.6515036,28
2022,Julio Urías,628711,LAD,0.24092888,689,108.717856,25
2022,Andrew Nardi,677053,MIA,0.28915663,83,108.8208021,23
2022,Blake Snell,605483,SDP,0.31962617,535,108.982362,29
2022,Sam Moll,594580,OAK,0.2459893,187,109.0145528,30
2022,Brandon Woodruff,605540,MIL,0.30645161,620,109.1073302,29
2022,Ryan Borucki,621366,- - -,0.18918919,111,109.138736,28
2022,Andrew Vasquez,607755,- - -,0.25641026,39,109.165098,28
2022,Connor Brogdon,641401,PHI,0.26595745,188,109.1735219,27
2022,Cody Stashak,664054,MIN,0.23076923,65,109.2612335,28
2022,Dylan Cease,656302,CHW,0.3038822,747,109.269008,26
2022,David Robertson,502085,- - -,0.30681818,264,109.3412896,37
2022,Frank German,681464,BOS,0.17391304,23,109.342381,24
2022,Mauricio Llovera,661440,SFG,0.27777778,72,109.4022876,26
2022,Aaron Ashby,676879,MIL,0.26526316,475,109.691979,24
2022,Zach Pop,647315,- - -,0.15923567,157,109.7019924,25
2022,Kyle Crick,605195,CHW,0.28787879,66,109.7118996,29
2022,Danny Young,664849,- - -,0.1875,32,110.0336508,28
2022,José Marte,665896,LAA,0.25862069,58,110.2420377,26
2022,Jason Adam,592094,TBR,0.3164557,237,110.2754942,30
2022,Cristian Javier,664299,HOU,0.33162393,585,110.304468,25
2022,Daniel Bard,453268,COL,0.28163265,245,110.378531,37
2022,Sandy Alcantara,645261,MIA,0.23363431,886,110.4783787,26
2022,Stephen Nogosek,668665,NYM,0.22105263,95,110.5289067,27
2022,Jesse Chavez,445926,- - -,0.25342466,292,110.5662138,38
2022,Garrett Cleavinger,664076,- - -,0.34782609,92,110.5917191,28
2022,Ryan Pressly,519151,HOU,0.35714286,182,110.9187535,33
2022,Phil Maton,664208,HOU,0.25978648,281,111.0219004,29
2022,Ron Marinaccio,676760,NYY,0.30939227,181,111.0790212,26
2022,James Karinchak,675916,CLE,0.3875,160,111.1063338,26
2022,Seranthony Domínguez,622554,PHI,0.29468599,207,111.1669259,27
2022,Phil Bickford,641360,LAD,0.27125506,247,111.172093,26
2022,Michael Kelly,547184,PHI,0.25,16,111.2646875,29
2022,Jordan Weems,607179,WSN,0.24698795,166,111.3331615,29
2022,Luis Castillo,622491,- - -,0.27154472,615,111.3816735,29
2022,John Means,607644,BAL,0.20588235,34,111.3844444,29
2022,Alex Vesia,681911,LAD,0.34801762,227,111.433411,26
2022,Tanner Rainey,663432,WSN,0.28125,128,111.4549712,29
2022,Joe Smith,501925,MIN,0.13934426,122,111.5269643,38
2022,Robert Suarez,663158,SDP,0.31937173,191,111.6597509,31
2022,Blake Treinen,595014,LAD,0.35294118,17,111.8498551,34
2022,Dylan Coleman,669395,KCR,0.24567474,289,111.8564474,25
2022,Clayton Kershaw,477132,LAD,0.27789047,493,111.9683342,34
2022,Cole Waites,686972,SFG,0.16,25,111.9842308,24
2022,Carlos Rodón,607074,SFG,0.33380282,710,112.0266488,29
2022,A.J. Puk,640462,OAK,0.27046263,281,112.149786,27
2022,Adrian Morejon,670970,SDP,0.19858156,141,112.1578439,23
2022,Zack Wheeler,554430,PHI,0.26853377,607,112.3170786,32
2022,Richard Bleier,542947,MIA,0.14414414,222,112.3459374,35
2022,Yohan Ramírez,670990,- - -,0.19161677,167,112.382696,27
2022,Yunior Marte,628708,SFG,0.20560748,214,112.4573862,27
2022,Logan Webb,657277,SFG,0.20711563,787,112.4898297,25
2022,Matt Strahm,621381,BOS,0.26943005,193,112.5574386,30
2022,Alexis Díaz,664747,CIN,0.3254902,255,112.5659639,25
2022,Bryan Abreu,650556,HOU,0.35483871,248,112.5989794,25
2022,J.C. Mejía,650496,MIL,0.0625,16,113.1440678,25
2022,Junior Fernández,658551,- - -,0.16666667,84,113.231155,25
2022,Nick Sandlin,680704,CLE,0.22777778,180,113.2617188,25
2022,Noah Davis,663562,COL,0.28571429,7,113.31,25
2022,Aroldis Chapman,547973,NYY,0.26875,160,113.4346608,34
2022,Jake Diekman,518617,- - -,0.2936803,269,113.5269249,35
2022,Yerry Rodríguez,666720,TEX,0.25,4,113.5633333,24
2022,Jordan Romano,605447,TOR,0.28294574,258,113.5937247,29
2022,Craig Kimbrel,518886,LAD,0.27692308,260,113.7883271,34
2022,Aaron Bummer,607481,CHW,0.25641026,117,113.8010965,28
2022,Colin Poche,621363,TBR,0.26122449,245,113.8256468,28
2022,Steven Okert,595345,MIA,0.28506787,221,113.9864368,30
2022,Brooks Raley,548384,TBR,0.27853881,219,113.9875592,34
2022,Shawn Armstrong,542888,- - -,0.24535316,269,114.2307828,31
2022,Clay Holmes,605280,NYY,0.25,260,114.2526002,29
2022,Shane McClanahan,663556,TBR,0.30265211,641,114.3820496,25
2022,Jordan Hicks,663855,STL,0.23954373,263,114.4604001,25
2022,Penn Murfee,682171,SEA,0.27941176,272,114.4924427,28
2022,Matt Brash,666374,SEA,0.27927928,222,114.5137745,24
2022,Justin Verlander,434378,HOU,0.27777778,666,114.6886713,39
2022,Adam Ottavino,493603,NYM,0.30620155,258,114.7022449,36
2022,Aaron Nola,605400,PHI,0.29120198,807,114.9104224,29
2022,Nestor Cortes,641482,NYY,0.26504065,615,114.9637934,27
2022,Yency Almonte,622075,LAD,0.24444444,135,115.0080778,28
2022,Joe Jiménez,641729,DET,0.33333333,231,115.1555983,27
2022,Tim Hill,657612,SDP,0.12562814,199,115.1744818,32
2022,Liam Hendriks,521230,CHW,0.36170213,235,115.3795551,33
2022,Matt Bush,456713,- - -,0.30327869,244,115.4529786,36
2022,Bryce Montes de Oca,656755,NYM,0.31578947,19,115.5107143,26
2022,Anthony Bender,669622,MIA,0.21794872,78,115.6370073,27
2022,Scott Effross,664123,- - -,0.27074236,229,115.9926299,28
2022,Michael King,650633,NYY,0.33165829,199,116.076623,27
2022,Adbert Alzolay,640470,CHC,0.36538462,52,116.086513,27
2022,Lou Trivino,642152,- - -,0.268,250,116.400423,30
2022,Josh Hader,623352,- - -,0.36986301,219,116.4400086,28
2022,Luis García,472610,SDP,0.26254826,259,116.6777083,35
2022,Adam Cimber,643256,TOR,0.19795222,293,116.6989798,31
2022,José Alvarado,621237,PHI,0.37850467,214,116.9395276,27
2022,Devin Williams,642207,MIL,0.4,240,117.3845318,27
2022,Greg Weissert,669711,NYY,0.22916667,48,117.5186022,27
2022,Tanner Scott,656945,MIA,0.31141869,289,118.0017753,27
2022,Jorge López,605347,- - -,0.24161074,298,118.1996463,29
2022,Corbin Burnes,669203,MIL,0.30489335,797,118.3659311,27
2022,Dustin May,669160,LAD,0.22834646,127,118.471115,24
2022,Gerrit Cole,543037,NYY,0.32408575,793,118.5618104,31
2022,Jonathan Loáisiga,642528,NYY,0.18226601,203,118.7733333,27
2022,Paul Sewald,623149,SEA,0.29752066,242,119.5365567,32
2022,DL Hall,669084,BAL,0.296875,64,119.8379484,23
2022,Caleb Thielbar,573204,MIN,0.32653061,245,120.0722704,35
2022,Jeremiah Estrada,669093,CHC,0.32,25,120.1653448,23
2022,Spencer Strider,675911,ATL,0.38257576,528,120.3425203,23
2022,Hunter Greene,668881,CIN,0.30885122,531,120.4985532,22
2022,Ryan Helsley,664854,STL,0.39330544,239,120.8559625,27
2022,Camilo Doval,666808,SFG,0.27972028,286,120.9660893,24
2022,A.J. Minter,621345,ATL,0.34686347,271,121.194327,28
2022,Shohei Ohtani,660271,LAA,0.33181818,660,121.7519634,27
2022,Jacob deGrom,594798,NYM,0.42677824,239,122.8851123,34
2022,Evan Phillips,623465,LAD,0.3304721,233,125.9482026,27
2022,Tyler Glasnow,607192,TBR,0.38461538,26,126.1750877,28
2022,Tyler Rogers,643511,SFG,0.15360502,319,127.6399656,31
2022,Jhoan Duran,661395,MIN,0.33458647,266,128.1885736,24
2022,Ryan Thompson,657044,TBR,0.21546961,181,129.1435503,30
2022,Brusdar Graterol,660813,LAD,0.21827411,197,131.1296,23
2022,Félix Bautista,642585,BAL,0.34782609,253,131.4429125,27
2022,Kenley Jansen,445276,ATL,0.32692308,260,131.4834166,34
2022,Edwin Díaz,621242,NYM,0.50212766,235,133.3462203,28
2022,Emmanuel Clase,661403,CLE,0.28413284,271,134.0385714,24
2022,Brian Moran,572383,LAA,0,5,137.9144,33
2022,Andrés Muñoz,662253,SEA,0.38709677,248,138.0430362,23
2022,Pete Fairbanks,664126,TBR,0.43678161,87,149.2108,28
2023,Luke Raley,670042,TBR,0.05263158,19,1.114634146,28
2023,Matt Beaty,607461,SFG,0.14285714,7,1.48,30
2023,Ryan McKenna,663630,BAL,0,6,7.78,26
2023,Willi Castro,650489,MIN,0,11,11.62666667,26
2023,Carson Kelly,608348,- - -,0.05555556,18,12.00076923,28
2023,Ernie Clement,676391,TOR,0,7,12.95,27
2023,Mike Ford,645801,SEA,0,12,14.42761905,30
2023,Brett Phillips,621433,LAA,0,3,17.51142857,29
2023,Luis Guillorme,641645,NYM,0,4,17.88,28
2023,René Pinto,650907,TBR,0,8,17.99538462,26
2023,Zack Short,670097,DET,0.03125,32,22.637,28
2023,Tucker Barnhart,571466,CHC,0,19,24.94285714,32
2023,Josh Harrison,543281,PHI,0,15,27.21363636,35
2023,Chris Owings,572008,PIT,0,6,28.5,31
2023,Jordan Luplow,656669,MIN,0,6,29.81142857,29
2023,Bligh Madris,676632,HOU,0,4,29.85636364,27
2023,Luke Maile,571912,CIN,0,25,31.364,32
2023,Mike Brosseau,670712,MIL,0,9,32.29666667,29
2023,James McCann,543510,BAL,0,5,32.32,33
2023,Jake Lamb,571875,LAA,0,4,33.2725,32
2023,Brandon Dixon,641525,SDP,0,3,34.02,31
2023,Jace Peterson,607054,OAK,0.08333333,12,34.66465116,33
2023,Kody Clemens,665019,PHI,0.06666667,15,34.83609756,27
2023,Lane Thomas,657041,WSN,0.16666667,6,35.32,27
2023,Martín Maldonado,455117,HOU,0,10,35.33333333,36
2023,Yonny Hernández,660634,LAD,0,4,35.664,25
2023,Christian Bethancourt,542194,TBR,0,4,36.388,31
2023,Harold Castro,605612,COL,0,11,36.53034483,29
2023,Isiah Kiner-Falefa,643396,NYY,0.0625,16,37.03137255,28
2023,Hanser Alberto,593643,CHW,0.08333333,12,37.53454545,30
2023,Jose Herrera,645444,ARI,0,10,37.59210526,26
2023,Danny Mendick,664901,NYM,0,15,37.82842105,29
2023,Nicky Lopez,670032,ATL,0,13,39.07380952,28
2023,David Fry,681807,CLE,0,26,42.11527778,27
2023,Matt Duffy,622110,KCR,0,10,42.16,32
2023,Jonathan Schoop,570731,DET,0.2,5,42.30941176,31
2023,Jacob Stallings,607732,MIA,0.02777778,36,43.80217391,33
2023,Alan Trejo,676701,COL,0.1,10,45.0768,27
2023,Miguel Rojas,500743,LAD,0,14,45.81081081,34
2023,Austin Hedges,595978,TEX,0.0625,16,46.05843137,30
2023,Pablo Reyes,622569,BOS,0,13,46.77181818,29
2023,Josh Lester,623507,BAL,0.2,5,47.2,28
2023,Miles Mastrobuoni,670156,CHC,0,5,47.24,27
2023,David Villar,681584,SFG,0,3,48.08,26
2023,Ildemaro Vargas,545121,WSN,0,10,48.53928571,31
2023,Josh Rojas,668942,ARI,0.07692308,13,48.86055556,29
2023,Zach McKinstry,656716,DET,0,6,50.1,28
2023,Eduardo Escobar,500871,LAA,0,16,52.84363636,34
2023,Carlos Pérez,542208,OAK,0,10,54.27190476,32
2023,Brad Miller,543543,TEX,0,9,55.96615385,33
2023,Brett Wisely,689172,SFG,0,4,57.50181818,24
2023,Josh Donaldson,518626,NYY,0,3,58.7,37
2023,Sandy León,506702,TEX,0,5,61.62,34
2023,Jason Vosler,613564,CIN,0,11,62.096,29
2023,Alec Burleson,676475,STL,0.07692308,13,65.64222222,24
2023,Randy Wynne,691094,CIN,0,11,73.47941176,30
2023,Jake Wong,673858,CIN,0,15,73.86,26
2023,Drew Rucinski,607968,OAK,0.06315789,95,74.94451429,34
2023,Luke Williams,663897,LAD,0,3,75.12,26
2023,Brandon Crawford,543063,SFG,0,5,76.245,36
2023,Peter Solomon,656981,ARI,0.08955224,67,76.91228814,26
2023,Tommy Doyle,656382,COL,0.17475728,103,78.93250689,27
2023,Zach Davies,605200,ARI,0.19098143,377,79.82034736,30
2023,Jesse Scholtens,669947,CHW,0.15384615,377,79.87210819,29
2023,Silvino Bracho,611093,CIN,0.19354839,31,80.09568,30
2023,Kyle Freeland,607536,COL,0.13884786,677,80.34993613,30
2023,Alex Colomé,517008,CHW,0.13333333,15,80.42096774,34
2023,Jared Shuster,694363,ATL,0.13043478,230,80.46189815,24
2023,Carson Fulmer,608334,LAA,0.15384615,39,80.58127389,29
2023,Allan Winans,642216,ATL,0.24113475,141,80.67016886,27
2023,Adam Wainwright,425794,STL,0.11363636,484,81.27017426,41
2023,Antonio Senzatela,622608,COL,0.13333333,30,81.2838806,28
2023,Brett Kennedy,664028,CIN,0.10843373,83,81.44526311,28
2023,Karl Kauffmann,666154,COL,0.10126582,158,81.4906514,25
2023,Luis Cessa,570666,CIN,0.08333333,132,81.54914153,31
2023,Spenser Watkins,657093,OAK,0.19047619,21,81.82266667,30
2023,Dereck Rodríguez,605446,- - -,0.03333333,30,81.8257354,31
2023,Darius Vines,670241,ATL,0.16666667,84,82.02678711,25
2023,Jose Espada,664744,SDP,0.4,5,82.3584,26
2023,Zach Logue,656657,DET,0.20408163,49,82.97109827,27
2023,Jake Faria,607188,BOS,0.21428571,14,83.08307692,29
2023,Nabil Crismatt,622503,- - -,0.18461538,65,83.24034907,28
2023,Kelvin Cáceres,680983,LAA,0.125,8,83.27942857,23
2023,Carl Edwards Jr.,605218,WSN,0.16901408,142,83.62282187,31
2023,Tommy Henry,674072,ARI,0.167979,381,83.64164045,25
2023,Connor Overton,656818,CIN,0.16363636,55,83.6605,29
2023,Patrick Corbin,571578,WSN,0.15696203,790,83.67940914,33
2023,Chris Flexen,623167,- - -,0.15879828,466,83.77426908,28
2023,Kevin Herget,643361,CIN,0.12380952,105,83.79508353,32
2023,Peter Lambert,663567,COL,0.18933333,375,83.88673319,26
2023,Ty Blach,621389,COL,0.14204545,352,84.09941554,32
2023,Alec Mills,621219,CIN,0,10,84.126,31
2023,Trevor Williams,592866,WSN,0.16843703,659,84.18666667,31
2023,Michael Mariot,592527,CIN,0.15384615,13,84.3502439,34
2023,Lyon Richardson,680689,CIN,0.14814815,81,84.38921212,23
2023,Adrián Martinez,661309,OAK,0.19502075,241,84.6074094,26
2023,Brandon Bielak,656232,HOU,0.17563739,353,84.79988959,27
2023,Peyton Battenfield,685410,CLE,0.18493151,146,84.95503269,25
2023,Daniel Norris,596057,CLE,0.17460317,63,85.10451362,30
2023,Bryce Jarvis,686826,ARI,0.13043478,92,85.17951863,25
2023,Connor Seabold,657756,COL,0.16421569,408,85.24140573,27
2023,Jeff Lindgren,689167,MIA,0.03571429,28,85.32618557,26
2023,Tyson Miller,668338,- - -,0.15625,64,85.35613554,27
2023,Reiss Knehr,663753,SDP,0.125,32,85.44405027,26
2023,Noah Syndergaard,592789,- - -,0.14322251,391,85.47218463,30
2023,Hyun Jin Ryu,547943,TOR,0.16964286,224,85.48382104,36
2023,Johan Quezada,629498,MIA,0,8,85.59625,28
2023,Spencer Patton,607359,OAK,0.12727273,55,85.63833333,35
2023,Lane Ramsey,682010,CHW,0.19565217,92,85.76029499,26
2023,Luke Weaver,596133,- - -,0.19360568,563,85.817299,29
2023,Brad Boxberger,502202,CHC,0.20238095,84,85.82881657,35
2023,Tyler Kinley,641755,COL,0.22368421,76,85.83900662,32
2023,Fernando Abad,472551,COL,0.0625,32,85.92567376,37
2023,Dakota Hudson,641712,STL,0.12711864,354,85.94360344,28
2023,Jordan Lyles,543475,KCR,0.16042781,748,86.19442308,32
2023,Evan Justice,687145,COL,0.16666667,42,86.34472527,24
2023,Nate Eaton,681987,KCR,0.2,5,86.35909091,26
2023,Kyle Leahy,681517,STL,0.13333333,15,86.45965517,26
2023,Ian Kennedy,453178,TEX,0.28,75,86.50764331,38
2023,Adam Oller,670124,OAK,0.12871287,101,86.63097876,28
2023,Kolton Ingram,688427,LAA,0.23333333,30,86.698,26
2023,Daniel Lynch IV,663738,KCR,0.15246637,223,86.7551425,26
2023,Kolby Allard,663465,ATL,0.23214286,56,86.77396961,25
2023,Dallas Keuchel,572971,MIN,0.14534884,172,86.90156872,35
2023,Emerson Hancock,676106,SEA,0.12244898,49,86.96350515,24
2023,Mark Leiter Jr.,643410,CHC,0.28624535,269,86.98041905,32
2023,Alex Claudio,592222,MIL,0,3,87.005,31
2023,Mason Englert,669438,DET,0.16205534,253,87.04291027,23
2023,Joey Krehbiel,607216,BAL,0.26315789,19,87.17555556,30
2023,Domingo Acevedo,642758,OAK,0.14893617,47,87.20797753,29
2023,Joan Adon,672851,WSN,0.2,240,87.28609236,24
2023,Marco Gonzales,594835,SEA,0.15813953,215,87.30861386,31
2023,Nick Hernandez,663321,SDP,0.27777778,18,87.3562963,28
2023,José Buttó,676130,NYM,0.2122905,179,87.35747417,25
2023,Archie Bradley,605151,MIA,0.17948718,39,87.40026846,30
2023,Zack Greinke,425844,KCR,0.16357504,593,87.40507393,39
2023,Devin Smeltzer,656970,MIA,0.16,100,87.4392618,27
2023,Jose Quintana,500779,NYM,0.18808777,319,87.4848,34
2023,Michael Soroka,647336,ATL,0.2,145,87.68680225,25
2023,Hobie Harris,665048,WSN,0.0989011,91,87.7044,30
2023,Ben Lively,594902,CIN,0.20626632,383,87.73324711,31
2023,Chi Chi González,592346,MIA,0.15789474,19,87.7776,31
2023,Bryce Elder,693821,ATL,0.17486339,732,87.81177465,24
2023,Alec Marsh,679525,KCR,0.24853801,342,87.8134927,25
2023,Andrew Suárez,605498,STL,0.13076923,130,87.86773333,30
2023,Zach Plesac,668676,CLE,0.13333333,105,87.93581522,28
2023,Madison Bumgarner,518516,ARI,0.11111111,90,88.02605714,33
2023,Chase Anderson,502624,- - -,0.17204301,372,88.35912109,35
2023,Riley Pint,666207,COL,0,5,88.376,25
2023,Bruce Zimmermann,669145,BAL,0.2295082,61,88.408,28
2023,Matt Barnes,598264,MIA,0.2020202,99,88.41625,33
2023,Zach Neal,594943,OAK,0.2016129,124,88.47719939,34
2023,Zach Muckenhirn,669105,NYM,0.09677419,31,88.51578947,28
2023,Tylor Megill,656731,NYM,0.18518519,567,88.56933333,27
2023,Cal Quantrill,615698,CLE,0.13063063,444,88.67494145,28
2023,Nick Wittgren,621295,KCR,0.140625,128,88.70934737,32
2023,Tony Gonsolin,664062,LAD,0.18850575,435,88.72674699,29
2023,Francisco Pérez,660906,OAK,0.18918919,74,88.73077922,25
2023,Brady Singer,663903,KCR,0.18945869,702,88.8873878,26
2023,Martín Pérez,527048,TEX,0.15296053,608,89.01926531,32
2023,Carlos Carrasco,471911,NYM,0.15827338,417,89.04915511,36
2023,Diego Castillo,650895,SEA,0.17073171,41,89.06061728,29
2023,Denyi Reyes,660593,NYM,0.18888889,90,89.08976125,26
2023,Kyle Hendricks,543294,CHC,0.16089965,578,89.11176806,33
2023,Casey Lawrence,596271,STL,0.16393443,122,89.17024857,35
2023,Trevor May,543507,OAK,0.19512195,205,89.184677,33
2023,Joey Estes,683155,OAK,0.14893617,47,89.19078788,21
2023,Drew Carlton,656290,SDP,0.21176471,85,89.23092025,27
2023,Austin Gomber,596295,COL,0.14427861,603,89.23578269,29
2023,Mike Mayers,594577,KCR,0.14285714,119,89.27054138,31
2023,Seby Zavala,664874,ARI,0,2,89.32,29
2023,Erich Uelmen,657272,PHI,0.125,8,89.3369697,27
2023,Chasen Shreve,592741,- - -,0.23316062,193,89.3517755,32
2023,Kris Bubic,663460,KCR,0.23529412,68,89.39034221,25
2023,Xzavion Curry,675540,CLE,0.16584158,404,89.43907589,24
2023,Jackson Rutledge,671131,WSN,0.13636364,88,89.47052023,24
2023,Owen White,669391,TEX,0.21052632,19,89.57661538,23
2023,Jake Reed,596082,LAD,0.14285714,7,89.6737931,30
2023,Jackson Wolf,680232,SDP,0.04545455,22,89.68986667,24
2023,Caleb Kilian,668873,CHC,0.15151515,33,89.70550486,26
2023,Cory Abbott,676265,WSN,0.21857923,183,89.70877493,27
2023,José Ureña,570632,- - -,0.14285714,203,89.7119474,31
2023,Jordan Balazovic,666364,MIN,0.15740741,108,89.72148338,24
2023,Kyle Muller,666205,OAK,0.15053763,372,89.7228794,25
2023,Tommy Hunter,488984,NYM,0.18867925,106,89.74474114,36
2023,Jacob Lopez,682052,TBR,0.14814815,54,89.75589251,25
2023,Adrian Houser,605288,MIL,0.1995842,481,89.81776983,30
2023,AJ Smith-Shawver,700363,ATL,0.19047619,105,89.82651982,20
2023,Paul Blackburn,621112,OAK,0.22413793,464,89.87492891,29
2023,Andrew Abbott,671096,CIN,0.26143791,459,90.10255026,24
2023,Clayton Andrews,677076,MIL,0.18181818,22,90.17310345,26
2023,Matt Koch,571863,COL,0.16564417,163,90.20152692,32
2023,Ronel Blanco,669854,HOU,0.2300885,226,90.25742033,29
2023,Roansy Contreras,672710,PIT,0.18211921,302,90.26829059,23
2023,Zack Thompson,668868,STL,0.25087108,287,90.27205755,25
2023,Jake Woodford,663765,STL,0.13063063,222,90.31155646,26
2023,Slade Cecconi,677944,ARI,0.18018018,111,90.35052632,24
2023,Kenta Maeda,628317,MIN,0.27336449,428,90.42503614,35
2023,Tyler Duffey,608648,CHC,0.42857143,7,90.44,32
2023,Brad Keller,641745,KCR,0.14691943,211,90.52018408,27
2023,George Soriano,666277,MIA,0.22807018,228,90.55511857,24
2023,David Peterson,656849,NYM,0.2601626,492,90.574984,27
2023,Alek Manoah,666201,TOR,0.19036145,415,90.59123223,25
2023,Chase De Jong,608328,PIT,0.11666667,60,90.6552,29
2023,Kenny Rosenberg,670046,LAA,0.19863014,146,90.67874958,27
2023,Daniel Castano,641447,MIA,0.2,20,90.70782609,28
2023,Drew Rom,680723,STL,0.18823529,170,90.78843049,23
2023,Jhonathan Díaz,646242,LAA,0.0952381,42,90.789125,26
2023,José Marte,665896,LAA,0.14583333,48,90.80231214,27
2023,Tyler Cyr,664202,LAD,0.33333333,6,90.83,30
2023,Nick Nelson,656793,PHI,0.15,20,90.84086957,27
2023,Josiah Gray,680686,WSN,0.20487106,698,90.90727661,25
2023,Davis Daniel,669721,LAA,0.17307692,52,90.98119266,26
2023,Tony Santillan,663574,CIN,0.05555556,18,90.99627119,26
2023,Paolo Espino,502179,WSN,0.10714286,28,91.06514851,36
2023,Dylan Dodd,689266,ATL,0.09146341,164,91.12303887,25
2023,Touki Toussaint,657053,- - -,0.22135417,384,91.13281433,27
2023,Ken Waldichuk,686610,OAK,0.20657277,639,91.14462055,25
2023,Shane Bieber,669456,CLE,0.20075047,533,91.17880781,28
2023,Yonny Chirinos,630023,- - -,0.14441417,367,91.25335228,29
2023,Rico Garcia,670329,- - -,0.16666667,60,91.2705618,29
2023,Noah Davis,663562,COL,0.17808219,146,91.28275021,26
2023,Sean Newcomb,656794,OAK,0.27868852,61,91.2942421,30
2023,Ryan Weber,543901,NYY,0.11666667,60,91.31934066,32
2023,Dane Dunning,641540,TEX,0.19390582,722,91.34991375,28
2023,Wil Crowe,640444,PIT,0.19148936,47,91.38011173,28
2023,Spencer Turnbull,605513,DET,0.16551724,145,91.3830991,30
2023,José Castillo,620454,SDP,0,6,91.39478261,27
2023,Will Vest,676684,DET,0.28140704,199,91.41400642,28
2023,Ryan Weathers,677960,- - -,0.16731518,257,91.43064833,23
2023,Triston McKenzie,663474,CLE,0.21917808,73,91.4662,25
2023,Jaime Barria,642545,LAA,0.17127072,362,91.51243763,26
2023,Mitch White,669952,TOR,0.21666667,60,91.57152941,28
2023,Scott McGough,543518,ARI,0.28571429,301,91.6541135,33
2023,Ross Stripling,548389,SFG,0.18372703,381,91.66891439,33
2023,Domingo Germán,593334,NYY,0.25675676,444,91.76005825,30
2023,Trevor Rogers,669432,MIA,0.24050633,79,91.77430303,25
2023,Joel Kuhnel,669270,- - -,0.05172414,58,91.81624877,28
2023,Chad Kuhl,641771,WSN,0.1657754,187,91.82205008,30
2023,Alexis Díaz,664747,CIN,0.3006993,286,91.87449351,26
2023,Garrett Hill,682051,DET,0.175,80,91.89571429,27
2023,Easton McGee,668834,SEA,0.09090909,22,91.9025,25
2023,Josh Taylor,657031,KCR,0.31325301,83,91.9228739,30
2023,Anthony DeSclafani,543101,SFG,0.18854415,419,91.967603,33
2023,Eric Lauer,641778,MIL,0.20379147,211,91.97281895,28
2023,Jimmy Yacabonis,642231,NYM,0.17741935,62,91.98147186,31
2023,Austin Pruitt,643493,OAK,0.15306122,196,92.00128819,33
2023,Kirby Yates,489446,ATL,0.31496063,254,92.07590909,36
2023,Deivi García,665620,- - -,0.14925373,67,92.11467128,24
2023,Andrew Chafin,605177,- - -,0.28125,224,92.13938498,33
2023,Johnny Cueto,456501,MIA,0.17889908,218,92.15357601,37
2023,Eduardo Salazar,674285,CIN,0.08196721,61,92.218159,25
2023,Collin McHugh,543521,ATL,0.17537313,268,92.24093105,36
2023,Taijuan Walker,592836,PHI,0.18826739,733,92.26307529,30
2023,Cody Bolton,675989,PIT,0.20560748,107,92.27558499,25
2023,Richard Lovelady,663992,OAK,0.25,96,92.28213333,27
2023,John Curtiss,595928,NYM,0.19753086,81,92.30365449,30
2023,Cole Sulser,642121,ARI,0.17391304,23,92.34119048,33
2023,Logan Allen,671106,CLE,0.22160149,537,92.37114969,24
2023,Nick Mears,683232,COL,0.24137931,87,92.37292818,26
2023,Drew VerHagen,572403,STL,0.2238806,268,92.39485605,32
2023,Kyle Barraclough,607457,BOS,0.08695652,46,92.432,33
2023,Pedro Avila,658648,SDP,0.24545455,220,92.4847606,26
2023,Alan Busenitz,641427,CIN,0.17241379,29,92.50690909,32
2023,Austin Adams,613534,ARI,0.27160494,81,92.52710027,32
2023,Cole Sands,663485,MIN,0.21428571,98,92.67873786,25
2023,Zach Jackson,667427,OAK,0.2875,80,92.69121294,28
2023,Miles Mikolas,571945,STL,0.15930233,860,92.73662069,34
2023,Matthew Boyd,571510,DET,0.24092409,303,92.7412415,32
2023,Andrew Saalfrank,685314,ARI,0.14634146,41,92.75584416,25
2023,Quinn Priester,682990,PIT,0.15384615,234,92.77968952,22
2023,Jackson Stephens,623451,ATL,0.21153846,52,92.80524444,29
2023,Kyle Harrison,690986,SFG,0.23809524,147,92.94241908,21
2023,Kyle Gibson,502043,BAL,0.19454771,807,92.97507916,35
2023,Vince Velasquez,592826,PIT,0.22839506,162,93.01143297,31
2023,Gavin Stone,694813,LAD,0.14473684,152,93.05845508,24
2023,Buck Farmer,571656,CIN,0.22653722,309,93.07559769,32
2023,Javier Assad,665871,CHC,0.20935412,449,93.1970293,25
2023,Sean Nolin,543594,MIA,0.11111111,18,93.26225806,33
2023,Nick Anderson,623433,ATL,0.25531915,141,93.28336918,32
2023,Drew Smyly,592767,CHC,0.22523962,626,93.28585472,34
2023,Dinelson Lamet,659275,- - -,0.22068966,145,93.28673799,30
2023,Germán Márquez,608566,COL,0.2125,80,93.36226667,28
2023,Duane Underwood Jr.,621249,PIT,0.14,100,93.41940653,28
2023,Alex Faedo,656412,DET,0.22137405,262,93.46278698,27
2023,Johan Oviedo,670912,PIT,0.20230474,781,93.48966375,25
2023,Cole Irvin,608344,BAL,0.20238095,336,93.55026216,29
2023,Hunter Gaddis,683769,CLE,0.13186813,182,93.55641615,25
2023,Jimmy Lambert,669424,CHW,0.23837209,172,93.64683562,28
2023,Janson Junk,676083,MIL,0.15151515,33,93.66709091,27
2023,Declan Cronin,686539,CHW,0.15686275,51,93.71202073,25
2023,Max Castillo,666721,KCR,0.11235955,89,93.74241176,24
2023,Bailey Falter,663559,- - -,0.17291066,347,93.76872263,26
2023,Zack Burdi,641420,TBR,0.25,20,93.7744,28
2023,Josh Winder,680739,MIN,0.19047619,147,93.78727273,26
2023,Tyler Wells,669330,BAL,0.24893617,470,93.86871477,28
2023,Levi Stoudt,686651,CIN,0.16363636,55,93.89629986,25
2023,Hector Perez,660431,TBR,0,5,93.89647059,27
2023,Yerry De los Santos,660787,PIT,0.17307692,104,93.93869018,25
2023,J.P. France,641585,HOU,0.17383821,581,93.94654073,28
2023,Wade Miley,489119,MIL,0.16122449,490,93.94793566,36
2023,Devin Sweet,682967,- - -,0.13953488,43,93.96445783,26
2023,Thomas Pannone,623381,MIL,0.28571429,14,93.98305085,29
2023,James Kaprielian,621076,OAK,0.20357143,280,94.09601179,29
2023,Sean Reid-Foley,656887,NYM,0.47058824,34,94.11134146,27
2023,Matt Waldron,663362,SDP,0.17919075,173,94.11610727,26
2023,Chase Silseth,681217,LAA,0.25339367,221,94.12402861,23
2023,Enmanuel De Jesus,646241,MIA,0.14705882,34,94.13044118,26
2023,Zack Littell,641793,- - -,0.19525066,379,94.15123969,27
2023,Luis Patiño,672715,- - -,0.18181818,99,94.20020068,23
2023,Jorge Alcala,660896,MIN,0.21333333,75,94.23925234,27
2023,Julio Teheran,527054,MIL,0.17361111,288,94.25546589,32
2023,Jonathan Heasley,669169,KCR,0.14285714,63,94.31828054,26
2023,Griffin Canning,656288,LAA,0.25932836,536,94.33464112,27
2023,Brennan Bernardino,657514,BOS,0.26851852,216,94.38520405,31
2023,Vinny Nittoli,657697,NYM,0.2,15,94.42758621,32
2023,Tommy Kahnle,592454,NYY,0.29090909,165,94.51253294,33
2023,Justin Garza,621057,BOS,0.18681319,91,94.51739673,29
2023,Chris Vallimont,681808,BAL,0.5,2,94.52545455,26
2023,Michael Rucker,621074,CHC,0.22727273,176,94.55465925,29
2023,Michael Grove,675627,LAD,0.24172185,302,94.55678484,26
2023,Andre Jackson,656578,- - -,0.22178988,257,94.59585895,27
2023,Ryan Feltner,663372,COL,0.18905473,201,94.66904393,26
2023,Michael Plassmeyer,674681,PHI,0.17391304,23,94.72705882,26
2023,Joey Lucchesi,664192,NYM,0.16410256,195,94.79284271,30
2023,Wander Suero,593833,LAD,0.25714286,35,94.86601227,31
2023,Michael Lorenzen,547179,- - -,0.17788462,624,94.88794818,31
2023,Enyel De Los Santos,660853,CLE,0.23664122,262,94.89210325,27
2023,Chris Stratton,608717,- - -,0.23964497,338,94.89649778,32
2023,Matthew Liberatore,669461,STL,0.16727273,275,94.96925401,23
2023,Konnor Pilkington,663455,CLE,0.25,8,95.0025,25
2023,José Berríos,621244,TOR,0.23529412,782,95.01811115,29
2023,Jordan Wicks,696136,CHC,0.16326531,147,95.03337931,23
2023,Joe Barlow,669618,TEX,0.13636364,44,95.03342466,27
2023,Rich Hill,448179,- - -,0.19545455,660,95.07818999,43
2023,Luis Ortiz,682847,PIT,0.1475,400,95.12934,24
2023,Tyler Mahle,641816,MIN,0.2745098,102,95.16837321,28
2023,Freddy Tarnok,676206,OAK,0.21538462,65,95.16933798,24
2023,Ryder Ryan,656924,SEA,0.5,4,95.21846154,28
2023,Wes Parsons,641149,TOR,0.11538462,26,95.22539326,30
2023,Trevor Stephan,663986,CLE,0.25510204,294,95.23528889,27
2023,Chris Murphy,669684,BOS,0.23113208,212,95.2456582,25
2023,Tucker Davidson,656353,- - -,0.19491525,236,95.28093411,27
2023,Anthony Veneziano,685107,KCR,0.08333333,12,95.31345455,25
2023,Brent Honeywell,641703,- - -,0.19230769,234,95.32729744,28
2023,Kevin Ginkel,656464,ARI,0.27559055,254,95.32964995,29
2023,Edwin Uceta,670955,NYM,0.27272727,11,95.3372549,25
2023,Juan Then,672730,SEA,0.10416667,48,95.38550898,23
2023,Bryan Shaw,543766,CHW,0.21052632,190,95.39765727,35
2023,Eduardo Rodriguez,593958,DET,0.23027375,621,95.65536771,30
2023,Josh Staumont,622251,KCR,0.26966292,89,95.70350979,29
2023,T.J. McFarland,519008,NYM,0.18181818,11,95.70431373,34
2023,Joey Wentz,666214,DET,0.19918699,492,95.71820881,25
2023,Corey Kluber,446372,BOS,0.16342412,257,95.87746067,37
2023,Tommy Milone,543548,SEA,0.075,40,96.00444444,36
2023,Merrill Kelly,518876,ARI,0.25900277,722,96.02075161,34
2023,Gavin Williams,668909,CLE,0.23478261,345,96.0334632,23
2023,Hagen Danner,668470,TOR,0,1,96.06285714,24
2023,Ryan Tepera,572193,- - -,0.19298246,57,96.11461525,35
2023,Jon Gray,592351,TEX,0.21646341,656,96.17604534,31
2023,Zack Kelly,677161,BOS,0.13953488,43,96.21566138,28
2023,Grant Hartwig,701643,NYM,0.18987342,158,96.2629108,25
2023,Austin Cox,680735,KCR,0.22147651,149,96.29128834,26
2023,Angel Zerpa,672582,KCR,0.1978022,182,96.29288236,23
2023,Tristan Beck,663941,SFG,0.1920904,354,96.34147674,27
2023,Brandon Walter,687888,BOS,0.1509434,106,96.352,26
2023,Daniel Bard,453268,COL,0.20258621,232,96.36830973,38
2023,Taylor Clarke,664199,KCR,0.2443609,266,96.41975224,30
2023,Tayler Scott,605463,- - -,0.19318182,88,96.42077335,31
2023,Albert Abreu,656061,NYY,0.22761194,268,96.42255481,27
2023,Matt Krook,640454,NYY,0.11111111,27,96.51065421,28
2023,Geoff Hartlieb,664129,MIA,0.1875,16,96.52030303,29
2023,Jeurys Familia,544727,OAK,0.140625,64,96.58227451,33
2023,Brock Burke,656271,TEX,0.208,250,96.5822807,26
2023,José Ruiz,614179,- - -,0.1884058,207,96.64936575,28
2023,Ethan Small,663629,MIL,0.26086957,23,96.72064516,26
2023,Cody Morris,663752,CLE,0.23684211,38,96.72218182,26
2023,Erasmo Ramírez,541640,- - -,0.15693431,274,96.732055,33
2023,Packy Naughton,676050,STL,0.29411765,17,96.77647059,27
2023,Tejay Antone,622088,CIN,0.33333333,21,96.80111111,29
2023,Blair Calvo,663971,COL,0,3,96.88545455,27
2023,Victor Vodnik,680767,COL,0.27272727,44,96.92236559,23
2023,José Suarez,660761,LAA,0.16969697,165,96.98216948,25
2023,Reyes Moronta,606625,LAA,0.18181818,11,97.01166667,30
2023,Jake Irvin,663623,WSN,0.18679245,530,97.02840485,26
2023,Dany Jiménez,666204,OAK,0.22340426,94,97.08776261,29
2023,José Lopez,673111,TBR,0.2,10,97.12196078,24
2023,Amos Willingham,686294,WSN,0.12931034,116,97.17291577,24
2023,Nick Vespi,663989,BAL,0.15254237,59,97.17920792,27
2023,Shelby Miller,571946,LAD,0.25766871,163,97.1807669,32
2023,Josh Walker,677020,NYM,0.25,48,97.21972603,28
2023,Alex Young,622065,CIN,0.21186441,236,97.30513234,29
2023,Steven Matz,571927,STL,0.21826281,449,97.32231881,32
2023,Easton Lucas,687922,OAK,0.2,35,97.34108108,26
2023,Matt Carasiti,571539,COL,0.14545455,110,97.3711165,31
2023,Jack Flaherty,656427,- - -,0.22769231,650,97.46238946,27
2023,Lucas Giolito,608337,- - -,0.25692695,794,97.46323832,28
2023,Lucas Luetge,476595,ATL,0.21538462,65,97.48309278,36
2023,Reese Olson,681857,DET,0.24407583,422,97.50059131,23
2023,Darren McCaughan,670766,SEA,0.37037037,27,97.52785714,27
2023,Sean Manaea,640455,SFG,0.25651303,499,97.58950918,31
2023,Jacob Barnes,606930,STL,0.13114754,61,97.66210526,33
2023,Erik Swanson,657024,TOR,0.28625954,262,97.66439163,29
2023,Carmen Mlodzinski,669387,PIT,0.22368421,152,97.68774329,24
2023,Michael Kopech,656629,CHW,0.22673435,591,97.70542475,27
2023,Matt Dermody,571616,BOS,0.05882353,17,97.70842105,32
2023,Jalen Beeks,656222,TBR,0.24479167,192,97.72617432,29
2023,Jake Cousins,664776,MIL,0.15555556,45,97.91465347,28
2023,Zac Gallen,668678,ARI,0.26004728,846,97.9165228,27
2023,Louis Varland,686973,MIN,0.25088339,283,97.93673835,25
2023,Chris Bassitt,605135,TOR,0.2251816,826,97.99568878,34
2023,José Urquidy,664353,HOU,0.16363636,275,98.00451031,28
2023,Raisel Iglesias,628452,ATL,0.29437229,231,98.03396096,33
2023,Matt Manning,666159,DET,0.15822785,316,98.07683051,25
2023,Blake Snell,605483,SDP,0.31536388,742,98.097012,30
2023,Ryan Sherriff,595411,BOS,0.17241379,29,98.13076923,33
2023,Michael Wacha,608379,SDP,0.22423146,553,98.14028855,31
2023,Ben Heller,621294,ATL,0.19512195,82,98.17678457,31
2023,Austin Warren,681810,LAA,0.33333333,6,98.205,27
2023,Adrian Morejon,670970,SDP,0.18181818,44,98.23037037,24
2023,Oliver Ortega,661383,MIN,0.22222222,63,98.23899582,26
2023,Ryan Pepiot,686752,LAD,0.23899371,159,98.24151727,25
2023,Ryne Nelson,669194,ARI,0.15508885,619,98.256498,25
2023,Derek Law,571882,CIN,0.1875,240,98.270485,32
2023,Emmet Sheehan,686218,LAD,0.25806452,248,98.30142128,23
2023,Wandy Peralta,593974,NYY,0.2246696,227,98.31668558,31
2023,Jay Jackson,543351,TOR,0.23275862,116,98.34107383,35
2023,Colten Brewer,605155,NYY,0.11764706,34,98.35211538,30
2023,Yusei Kikuchi,579328,TOR,0.25857143,700,98.36104478,32
2023,Trevor Gott,641627,- - -,0.23754789,261,98.37642984,30
2023,Jose Cuas,621016,- - -,0.24315068,292,98.39220238,29
2023,Cristian Javier,664299,HOU,0.23144105,687,98.44531619,26
2023,James Karinchak,675916,CLE,0.30409357,171,98.45858117,27
2023,Alex Wood,622072,SFG,0.17249417,429,98.54648087,32
2023,Marcus Stroman,573186,CHC,0.20695652,575,98.54787016,32
2023,Pablo López,641154,MIN,0.29213483,801,98.57317865,27
2023,Brendan White,686839,DET,0.24858757,177,98.58118825,24
2023,Caleb Boushley,676961,MIL,0.5,10,98.59842105,29
2023,Nick Robertson,687798,- - -,0.24528302,106,98.6073747,24
2023,Hogan Harris,663687,OAK,0.1971831,284,98.60921023,26
2023,Seth Lugo,607625,SDP,0.23178808,604,98.64345846,33
2023,Hunter Brown,686613,HOU,0.26766917,665,98.6700599,24
2023,Simeon Woods Richardson,680573,MIN,0.20833333,24,98.7025,22
2023,Charlie Morton,450203,ATL,0.25558659,716,98.73906107,39
2023,Matt Gage,657424,HOU,0.2962963,27,98.7827027,30
2023,Michael Tonkin,543859,ATL,0.23076923,325,98.85135937,33
2023,Braden Bristo,668754,- - -,0.16666667,30,98.87245614,28
2023,Giovanny Gallegos,606149,STL,0.25764192,229,98.88422247,31
2023,Lance Lynn,458681,- - -,0.23638614,808,98.89098517,36
2023,Carson Spiers,686730,CIN,0.1875,64,98.93672309,25
2023,Logan Gillaspie,670810,BAL,0.17391304,46,98.94666667,26
2023,Anthony Misiewicz,664948,- - -,0.14545455,55,98.99631393,28
2023,Luis Garcia,677651,HOU,0.26956522,115,99.04490421,26
2023,Kyle Wright,657140,ATL,0.21935484,155,99.05803743,27
2023,Brent Suter,608718,COL,0.18835616,292,99.06999215,33
2023,Jordan Montgomery,656756,- - -,0.21364221,777,99.0965577,30
2023,Sawyer Gipson-Long,687830,DET,0.31707317,82,99.10666667,25
2023,Alex Cobb,502171,SFG,0.20278638,646,99.11969612,35
2023,Tyler Alexander,641302,DET,0.24309392,181,99.14422356,28
2023,Tyler Holton,663947,DET,0.22839506,324,99.25378845,27
2023,Brandon Williamson,682227,CIN,0.19959267,491,99.28381198,25
2023,Isaiah Campbell,663462,SEA,0.275,120,99.3008805,25
2023,Jameson Taillon,592791,CHC,0.21374046,655,99.30716658,31
2023,Trey Wingenter,622259,DET,0.28947368,76,99.32278317,29
2023,Thaddeus Ward,663658,WSN,0.1875,160,99.37460411,26
2023,Shawn Dubin,681869,HOU,0.26190476,42,99.37709302,27
2023,Elvin Rodríguez,660730,TBR,0.5,10,99.40468085,25
2023,Luis Frías,666818,ARI,0.18705036,139,99.45391144,25
2023,Sam Bachman,696147,LAA,0.18181818,77,99.46803797,23
2023,Tyler Gilbert,656457,ARI,0.26388889,72,99.47236641,29
2023,Colin Rea,607067,MIL,0.21276596,517,99.47531902,32
2023,Sonny Gray,543243,MIN,0.24270557,754,99.47535066,33
2023,Mike Baumann,657508,BAL,0.22344322,273,99.51315888,27
2023,Anthony Kay,641743,- - -,0.16666667,66,99.52628099,28
2023,Luke Jackson,592426,SFG,0.3006993,143,99.53164122,31
2023,Gus Varland,681402,- - -,0.19417476,103,99.54022845,26
2023,Tyler Anderson,542881,LAA,0.18918919,629,99.55940682,33
2023,Keegan Thompson,624522,CHC,0.208,125,99.57757322,28
2023,Daysbel Hernández,678226,ATL,0.3,20,99.63756098,26
2023,Kyle Hurt,669165,LAD,0.5,6,99.68,25
2023,Ranger Suárez,624133,PHI,0.22037037,540,99.69218642,27
2023,Nicholas Padilla,656820,CHW,0.26086957,23,99.6974,26
2023,Sam Long,669674,OAK,0.16080402,199,99.70315043,27
2023,Héctor Neris,593576,HOU,0.28205128,273,99.76126722,34
2023,Cody Bradford,674003,TEX,0.21794872,234,99.7695139,25
2023,Mike Clevinger,605182,CHW,0.2003643,549,99.79201649,32
2023,Jovani Morán,663558,MIN,0.26086957,184,99.82331995,26
2023,Jesse Chavez,445926,ATL,0.27083333,144,99.86899563,39
2023,Drew Smith,622098,NYM,0.24590164,244,99.9133395,29
2023,Kevin Gausman,592332,TOR,0.31061599,763,99.91990202,32
2023,Jacob Latz,656641,TEX,0.22727273,22,99.97520833,27
2023,Reiver Sanmartin,665665,CIN,0.18571429,70,100.0164516,27
2023,Gavin Hollowell,668970,COL,0.20779221,154,100.068918,25
2023,Tanner Houck,656557,BOS,0.21382289,463,100.0983694,27
2023,Nathan Eovaldi,543135,TEX,0.2287695,577,100.1253615,33
2023,Rowdy Tellez,642133,MIL,0.25,4,100.25,28
2023,Brandon Pfaadt,694297,ARI,0.22327791,421,100.2518231,24
2023,Tayler Saucedo,642048,SEA,0.20772947,207,100.2644841,30
2023,Tim Herrin,682120,CLE,0.26446281,121,100.2798416,26
2023,Glenn Otto Jr.,657248,TEX,0.21568627,51,100.2873958,27
2023,Keynan Middleton,641871,- - -,0.30188679,212,100.287676,29
2023,MacKenzie Gore,669022,WSN,0.25945017,582,100.2991555,24
2023,Kyle Nelson,669459,ARI,0.28033473,239,100.3002275,26
2023,Brent Headrick,687396,MIN,0.25641026,117,100.3189251,25
2023,Ron Marinaccio,676760,NYY,0.27317073,205,100.3531544,27
2023,Angel Felipe,665734,OAK,0.296875,64,100.3591882,25
2023,John Schreiber,670167,BOS,0.25980392,204,100.3666657,29
2023,Jonathan Hernández,642546,TEX,0.23129252,147,100.385292,26
2023,Mason Thompson,666168,WSN,0.18333333,240,100.5633819,25
2023,Jordan Weems,607179,WSN,0.25862069,232,100.575207,30
2023,Angel Perdomo,622780,PIT,0.37606838,117,100.6061284,29
2023,Daniel Hudson,543339,LAD,0.35714286,14,100.6090625,36
2023,Osvaldo Bido,674370,PIT,0.20338983,236,100.6299089,27
2023,Scott Barlow,605130,- - -,0.26421405,299,100.6299652,30
2023,James Naile,664942,STL,0.0875,80,100.6355195,30
2023,James McArthur,663704,KCR,0.25555556,90,100.7195894,26
2023,Ian Gibaut,664139,CIN,0.21698113,318,100.8466998,29
2023,Rafael Montero,606160,HOU,0.26510067,298,100.8676419,32
2023,Logan Gilbert,669302,SEA,0.24545455,770,100.8765513,26
2023,JP Sears,676664,OAK,0.21904762,735,100.8989106,27
2023,Kyle Bradish,680694,BAL,0.25037258,671,100.9124275,26
2023,Ray Kerr,678061,SDP,0.30701754,114,100.9501878,28
2023,Sam Hentges,656529,CLE,0.25112108,223,100.9525234,26
2023,Will Smith,519293,TEX,0.24336283,226,100.9851049,33
2023,Bailey Ober,641927,MIN,0.25303293,577,100.9855507,27
2023,Matt Festa,670036,SEA,0.30232558,43,101.0329231,30
2023,Edward Cabrera,665795,MIA,0.2718894,434,101.0390721,25
2023,Andrew Bellatti,571479,PHI,0.22123894,113,101.0914286,31
2023,José Rodríguez,642578,SEA,0.08333333,12,101.12,27
2023,Jacob Webb,657097,- - -,0.24568966,232,101.128165,29
2023,McKinley Moore,686842,PHI,0.0952381,21,101.1418605,24
2023,Jeff Brigham,656257,NYM,0.2625,160,101.2043529,31
2023,Brad Hand,543272,- - -,0.25,236,101.2480021,33
2023,Ryan Borucki,621366,PIT,0.21710526,152,101.2573197,29
2023,Max Fried,608331,ATL,0.25723473,311,101.2753995,29
2023,Kodai Senga,673540,NYM,0.29106628,694,101.2850933,30
2023,Brandon Hughes,676714,CHC,0.26984127,63,101.2994118,27
2023,Kendall Graveman,608665,- - -,0.23404255,282,101.330438,32
2023,Austin Voth,608723,BAL,0.2125,160,101.3435562,31
2023,Peter Strzelecki,657265,- - -,0.22699387,163,101.3976177,28
2023,Amir Garrett,607237,KCR,0.25,112,101.4578814,31
2023,Kutter Crawford,676710,BOS,0.25616698,527,101.4806213,27
2023,Liam Hendriks,521230,CHW,0.15,20,101.5298851,34
2023,Tanner Bibee,676440,CLE,0.24102564,585,101.5447287,24
2023,Yoendrys Gómez,672782,NYY,0.5,8,101.5733333,23
2023,Luis Severino,622663,NYY,0.18944844,417,101.5770829,29
2023,Justin Lawrence,664875,COL,0.2392638,326,101.5817303,28
2023,Nate Pearson,663878,TOR,0.23626374,182,101.6270285,26
2023,Luke Little,681432,CHC,0.4,30,101.6337778,22
2023,Frankie Montas,593423,NYY,0.14285714,7,101.6507692,30
2023,JT Chargois,608638,MIA,0.20114943,174,101.7031561,32
2023,Nick Martinez,607259,SDP,0.22993492,461,101.71804,32
2023,Trent Thornton,663423,- - -,0.208,125,101.7934665,29
2023,Drey Jameson,686753,ARI,0.21264368,174,101.861454,25
2023,Kirby Snead,669912,OAK,0.16071429,56,101.9151295,28
2023,Dominic Leone,608678,- - -,0.22978723,235,101.9263579,31
2023,Dean Kremer,665152,BAL,0.21360544,735,101.9945535,27
2023,Brayan Bello,678394,BOS,0.19760479,668,101.9979503,24
2023,Joel Payamps,606303,MIL,0.26829268,287,102.1257296,29
2023,Stephen Nogosek,668665,NYM,0.21186441,118,102.1750102,28
2023,Reid Detmers,672282,LAA,0.26086957,644,102.1755752,23
2023,Dylan Covey,592229,- - -,0.15706806,191,102.2131248,31
2023,Miguel Castro,612434,ARI,0.2238806,268,102.2139243,28
2023,Kyle Finnegan,640448,WSN,0.21875,288,102.2426655,31
2023,Patrick Sandoval,663776,LAA,0.19631902,652,102.2610096,26
2023,Calvin Faucher,676534,TBR,0.20833333,120,102.2618377,27
2023,Freddy Peralta,642547,MIL,0.30882353,680,102.3336671,27
2023,Eli Morgan,669212,CLE,0.25083612,299,102.3669302,27
2023,Nick Pivetta,601713,BOS,0.31175468,587,102.3892764,30
2023,Danny Young,664849,ATL,0.31428571,35,102.3965926,29
2023,Joe Ryan,657746,MIN,0.29315476,672,102.4255937,27
2023,Dylan Floro,571670,- - -,0.23387097,248,102.4304229,32
2023,Phil Maton,664208,HOU,0.27007299,274,102.4319923,30
2023,Tanner Banks,621383,CHW,0.2,255,102.4394026,31
2023,Bryce Miller,682243,SEA,0.22160149,537,102.458474,24
2023,Hayden Wesneski,669713,CHC,0.21899736,379,102.5052871,25
2023,Braxton Garrett,666129,MIA,0.23672231,659,102.5365776,25
2023,Cooper Criswell,681867,TBR,0.17880795,151,102.5532369,26
2023,Andre Pallante,669467,STL,0.14238411,302,102.5591037,24
2023,John Brebbia,605154,SFG,0.29192547,161,102.5865481,33
2023,Andrew Heaney,571760,TEX,0.23556942,641,102.6484353,32
2023,Beau Brieske,689225,DET,0.20394737,152,102.6931927,25
2023,Bryan Hoeing,663773,MIA,0.17434211,304,102.7403714,26
2023,Anthony Bass,542914,TOR,0.21590909,88,102.8358154,35
2023,Chris Sale,519242,BOS,0.29411765,425,102.8566466,34
2023,Bryse Wilson,669060,MIL,0.19426752,314,102.8903478,25
2023,Alex Lange,656638,DET,0.27430556,288,102.9058681,27
2023,Yacksel Ríos,605441,OAK,0.14285714,14,102.9103226,30
2023,Jose E. Hernandez,669796,PIT,0.27802691,223,102.9558275,25
2023,Fernando Cruz,518585,CIN,0.35125448,279,103.0199287,33
2023,Robert Garcia,676395,- - -,0.25984252,127,103.0915006,27
2023,Garrett Whitlock,676477,BOS,0.23684211,304,103.1007808,27
2023,Edgar Navarro,679346,CHW,0.23076923,39,103.1417333,25
2023,Casey Legumina,668984,CIN,0.18032787,61,103.1550649,26
2023,Elvis Peguero,665625,MIL,0.21428571,252,103.1724312,26
2023,José Quijada,650671,LAA,0.19512195,41,103.1761491,27
2023,Grant Anderson,681982,TEX,0.19480519,154,103.1768403,26
2023,Clarke Schmidt,657376,NYY,0.21469741,694,103.2100199,27
2023,James Paxton,572020,BOS,0.24574209,411,103.2126066,34
2023,Dylan Cease,656302,CHW,0.27295918,784,103.2664518,27
2023,Chris Paddack,663978,MIN,0.36363636,22,103.2765,27
2023,Chris Devenski,606965,- - -,0.24277457,173,103.302158,32
2023,Luis Medina,665622,OAK,0.21414141,495,103.3696433,24
2023,Brenan Hanifee,669724,DET,0.13043478,23,103.5411236,25
2023,Dennis Santana,642701,NYM,0.24,50,103.5468778,27
2023,Joe Musgrove,605397,SDP,0.24310777,399,103.5549838,30
2023,George Kirby,669923,SEA,0.22721268,757,103.6041448,25
2023,Jackson Kowar,663804,KCR,0.21167883,137,103.6292416,26
2023,Colin Selby,681882,PIT,0.26315789,114,103.7058996,25
2023,Jake Bird,656234,COL,0.20209974,381,103.7117344,27
2023,Josh Fleming,676596,TBR,0.11312217,221,103.7256323,27
2023,Collin Snider,676092,KCR,0.11578947,95,103.7429731,27
2023,Dylan Lee,669276,ATL,0.23762376,101,103.8284667,28
2023,Andrés Machado,600921,WSN,0.20772947,207,103.8695201,30
2023,Bryan Baker,641329,BAL,0.27419355,186,103.8917391,28
2023,Jonathan Bowlan,680742,KCR,0.21428571,14,103.9125,26
2023,Daniel Duarte,650960,CIN,0.16911765,136,103.9544308,26
2023,Joely Rodríguez,570257,BOS,0.2745098,51,103.9564815,31
2023,Mychal Givens,571710,BAL,0.09090909,22,104.1053763,33
2023,Yu Darvish,506433,SDP,0.2456446,574,104.1206685,36
2023,Pierce Johnson,572955,- - -,0.32490975,277,104.1671271,32
2023,Michael Fulmer,605242,CHC,0.2742616,237,104.2491404,30
2023,Seth Martinez,661527,HOU,0.23076923,195,104.3178534,28
2023,Jhony Brito,666745,NYY,0.19354839,372,104.3353659,25
2023,Hoby Milner,571948,MIL,0.23412698,252,104.3417528,32
2023,José Leclerc,600917,TEX,0.28755365,233,104.3694094,29
2023,Colin Poche,621363,TBR,0.24796748,246,104.3908992,29
2023,Framber Valdez,664285,HOU,0.24752475,808,104.4887152,29
2023,Michael King,650633,NYY,0.29466357,431,104.6290691,28
2023,Rob Zastryzny,642239,PIT,0.15463918,97,104.6885285,31
2023,Joe Mantiply,573009,ARI,0.17834395,157,104.709387,32
2023,Connor Phillips,683175,CIN,0.27083333,96,104.7322427,22
2023,Sam Coonrod,656322,NYM,0.17647059,34,104.7329252,30
2023,Nick Lodolo,666157,CIN,0.28313253,166,104.7504658,25
2023,JoJo Romero,668941,STL,0.28571429,147,104.7560734,26
2023,Justin Verlander,434378,- - -,0.21524664,669,104.7603163,40
2023,Randy Vásquez,681190,NYY,0.19879518,166,104.7960796,24
2023,Chad Green,643338,TOR,0.30769231,52,104.8144615,32
2023,Max Scherzer,453286,- - -,0.28019324,621,104.8495542,38
2023,Ty Adcock,686654,SEA,0.18965517,58,104.9955556,26
2023,Kaleb Ort,672391,BOS,0.22429907,107,105.0580476,31
2023,Shane Greene,572888,CHC,0.25,12,105.1019048,34
2023,Eduard Bazardo,660825,- - -,0.2238806,67,105.1185926,27
2023,Jesús Luzardo,666200,MIA,0.28070175,741,105.1403817,25
2023,Jeremiah Estrada,669093,CHC,0.23214286,56,105.1452101,24
2023,Zack Weiss,592848,- - -,0.25862069,58,105.1837812,31
2023,Spencer Howard,675921,TEX,0.11111111,18,105.23475,26
2023,Adam Ottavino,493603,NYM,0.23754789,261,105.3083675,37
2023,Dauri Moreta,664294,PIT,0.31799163,239,105.3406243,27
2023,Anthony Banda,607455,WSN,0.17142857,35,105.3835294,29
2023,John King,667463,- - -,0.12738854,157,105.3835691,28
2023,Kyle Nicolas,693312,PIT,0.26923077,26,105.4086486,24
2023,Sammy Peralta,671111,CHW,0.2,90,105.455291,25
2023,Justin Steele,657006,CHC,0.24581006,716,105.6390191,27
2023,Bennett Sousa,656986,- - -,0.29411765,34,105.6905714,28
2023,Zach Eflin,621107,TBR,0.26458037,703,105.6960125,29
2023,José Cisnero,542585,DET,0.26217228,267,105.7601837,34
2023,Joe La Sorsa,686747,- - -,0.19310345,145,105.7973666,25
2023,Justin Bruihl,677865,- - -,0.18181818,121,105.8033684,26
2023,Scott Alexander,518397,SFG,0.14903846,208,105.8600043,33
2023,Cionel Pérez,672335,BAL,0.17813765,247,105.8843757,27
2023,Adbert Alzolay,640470,CHC,0.26482213,253,105.8919013,28
2023,Garrett Crochet,676979,CHW,0.1875,64,105.9607639,24
2023,Matt Bush,456713,MIL,0.20833333,48,105.9683938,37
2023,Bryan Hudson,663542,LAD,0.15909091,44,106.1106098,26
2023,Tanner Rainey,663432,WSN,0.2,5,106.3911111,30
2023,Justin Martinez,679885,ARI,0.24561404,57,106.4458475,21
2023,Reed Garrett,657585,- - -,0.18390805,87,106.4529809,30
2023,Dylan Coleman,669395,KCR,0.21875,96,106.4959269,26
2023,Jimmy Cordero,622772,NYY,0.25757576,132,106.5461323,31
2023,Trevor Kelley,665001,TBR,0.15942029,69,106.6680945,30
2023,Luis Castillo,622491,SEA,0.27306733,802,106.7273102,30
2023,Andrew Wantz,681806,LAA,0.20625,160,106.7301662,27
2023,Keegan Akin,669211,BAL,0.24107143,112,106.7871367,28
2023,Thomas Hatch,641672,- - -,0.20155039,129,106.802695,28
2023,Connor Brogdon,641401,PHI,0.20472441,127,106.8351279,28
2023,Mitch Keller,656605,PIT,0.25454545,825,106.8353372,27
2023,Keaton Winn,676775,SFG,0.20348837,172,106.842918,25
2023,Carlos Estévez,608032,LAA,0.27758007,281,106.92768,30
2023,Andrew Kittredge,552640,TBR,0.2,50,106.9362366,33
2023,Richard Bleier,542947,BOS,0.12121212,132,106.9731264,36
2023,Shintaro Fujinami,660261,- - -,0.232493,357,106.9749574,29
2023,Steven Cruz,674444,KCR,0.24193548,62,107.0007864,24
2023,Ryan Brasier,518489,- - -,0.23529412,238,107.0144797,35
2023,Trevor Richards,670950,TOR,0.33333333,315,107.0259203,30
2023,Caleb Ferguson,657571,LAD,0.25925926,270,107.0672257,26
2023,Ryan Yarbrough,642232,- - -,0.17771883,377,107.1022863,31
2023,Andrew Nardi,677053,MIA,0.30801688,237,107.104749,24
2023,Gerrit Cole,543037,NYY,0.27040195,821,107.133313,32
2023,Javy Guerra,642770,- - -,0.1443299,97,107.2373281,27
2023,Luis Ortiz,656814,PHI,0.2,80,107.284094,27
2023,Carlos Rodón,607074,NYY,0.22377622,286,107.3021574,30
2023,Tarik Skubal,669373,DET,0.32903226,310,107.4001814,26
2023,Jakob Junis,596001,SFG,0.26158038,367,107.4661756,30
2023,John Means,607644,BAL,0.11363636,88,107.4876696,30
2023,Bowden Francis,670102,TOR,0.25735294,136,107.5007435,27
2023,Hunter Stratton,676702,PIT,0.21276596,47,107.5101149,26
2023,Jeffrey Springs,605488,TBR,0.43636364,55,107.5241905,30
2023,David Bednar,670280,PIT,0.28880866,277,107.5944283,28
2023,Jimmy Herget,623474,LAA,0.20472441,127,107.6419126,29
2023,Aaron Nola,605400,PHI,0.25472888,793,107.6941207,30
2023,Matt Bowman,621199,NYY,0.15,20,107.7183133,32
2023,Josh Sborz,622250,TEX,0.30697674,215,107.7760096,29
2023,Ian Hamilton,641656,NYY,0.28870293,239,107.7767706,28
2023,Victor González,624647,LAD,0.22222222,135,107.803872,27
2023,Miguel Díaz,622766,DET,0.2962963,54,107.8598019,28
2023,Julio Urías,628711,LAD,0.24273859,482,107.9195119,26
2023,Tim Mayza,641835,TOR,0.24651163,215,107.933913,31
2023,Phil Bickford,641360,- - -,0.25,304,108.0224765,27
2023,Logan Webb,657277,SFG,0.22823529,850,108.028828,26
2023,Nick Sandlin,680704,CLE,0.27615063,239,108.0529225,26
2023,J.B. Bukauskas,656266,- - -,0.23333333,30,108.0724863,26
2023,Génesis Cabrera,650893,- - -,0.24267782,239,108.1276462,26
2023,Joe Jacques,682175,BOS,0.16393443,122,108.1355788,28
2023,Aaron Civale,650644,- - -,0.23015873,504,108.152033,28
2023,Jason Adam,592094,TBR,0.31081081,222,108.1818543,31
2023,Taj Bradley,671737,TBR,0.28043478,460,108.2058431,22
2023,Brandon Woodruff,605540,MIL,0.29249012,253,108.2996929,30
2023,Garrett Acton,670183,OAK,0.15625,32,108.4325806,25
2023,Domingo Tapia,593619,SDP,0.18666667,75,108.5140881,31
2023,Josh Winckowski,670174,BOS,0.22343324,367,108.5306283,25
2023,Clayton Kershaw,477132,LAD,0.26195029,523,108.6053063,35
2023,Emilio Pagán,641941,MIN,0.23809524,273,108.6059163,32
2023,Joe Jiménez,641729,ATL,0.30672269,238,108.6142275,28
2023,Ryne Stanek,592773,HOU,0.23943662,213,108.6321528,31
2023,Jose A. Ferrer,678606,WSN,0.17605634,142,108.7449926,23
2023,Corbin Burnes,669203,MIL,0.25510204,784,108.7530169,28
2023,Matt Moore,519043,- - -,0.27522936,218,108.7736126,34
2023,Lucas Erceg,668674,OAK,0.27091633,251,108.8039924,28
2023,Hunter Harvey,640451,WSN,0.28510638,235,108.8368366,28
2023,Cristopher Sánchez,650911,PHI,0.24242424,396,108.8804149,26
2023,John McMillon,669111,KCR,0.61538462,13,108.94,25
2023,Alex Speas,666208,TEX,0.33333333,12,109.0138462,25
2023,Jorge López,605347,- - -,0.18421053,266,109.0730294,30
2023,Zach McAllister,502083,NYY,0.17241379,29,109.237707,35
2023,Cole Ragans,666142,- - -,0.28826531,392,109.2818663,25
2023,Bobby Miller,676272,LAD,0.23564356,505,109.3690491,24
2023,Nick Burdi,595897,CHC,0.26666667,15,109.6148276,30
2023,Nick Ramirez,598286,NYY,0.1627907,172,109.6261679,33
2023,Taylor Hearn,621368,- - -,0.19736842,76,109.6266668,28
2023,Devin Williams,642207,MIL,0.37662338,231,109.6639407,28
2023,Cole Waites,686972,SFG,0.13333333,15,109.684,25
2023,Bryan Woo,693433,SEA,0.25067385,371,109.686888,23
2023,Yimi García,554340,TOR,0.28014184,282,109.7075068,32
2023,Sean Hjelle,663546,SFG,0.22302158,139,109.7083721,26
2023,Victor Mederos,682989,LAA,0.17647059,17,109.8069697,22
2023,Yerry Rodríguez,666720,TEX,0.22727273,66,109.8882734,25
2023,Joe Boyle,671212,OAK,0.25,60,109.9649167,23
2023,Sandy Alcantara,645261,MIA,0.19816273,762,110.0495129,27
2023,Jordan Romano,605447,TOR,0.29032258,248,110.0803282,30
2023,Ricky Karcher,676689,CIN,0,4,110.3568421,25
2023,David Robertson,502085,- - -,0.28996283,269,110.4444857,38
2023,Gregory Santos,666619,CHW,0.2283737,289,110.4484536,23
2023,Gerardo Reyes,622103,LAA,0.20408163,49,110.5442593,30
2023,Steven Okert,595345,MIA,0.29554656,247,110.6486563,31
2023,Tyler Glasnow,607192,TBR,0.33402062,485,110.7048629,29
2023,Yunior Marte,628708,PHI,0.20879121,182,110.8241607,28
2023,Eury Pérez,691587,MIA,0.28877005,374,110.8999478,20
2023,Robbie Ray,592662,SEA,0.15789474,19,110.9133333,31
2023,Michael Kelly,547184,CLE,0.22535211,71,110.9141176,30
2023,Yohan Ramírez,670990,- - -,0.19886364,176,110.9805072,28
2023,Lucas Sims,608371,CIN,0.27906977,258,110.9809324,29
2023,José Soriano,667755,LAA,0.3027027,185,111.0148657,24
2023,Prelander Berroa,672860,SEA,0.375,8,111.1380488,23
2023,Nestor Cortes,641482,NYY,0.2518797,266,111.2103262,28
2023,Aaron Loup,571901,LAA,0.19480519,231,111.222799,35
2023,Caleb Thielbar,573204,MIN,0.3,120,111.2398326,36
2023,Taylor Rogers,573124,SFG,0.2962963,216,111.379639,32
2023,José De León,592254,MIN,0.24285714,70,111.4189836,30
2023,Graham Ashcraft,668933,CIN,0.17788462,624,111.4878895,25
2023,Robert Stephenson,596112,- - -,0.38308458,201,111.5241866,30
2023,Chad Smith,663385,OAK,0.15,60,111.6965354,28
2023,DL Hall,669084,BAL,0.28395062,81,111.7125067,24
2023,Andrew Vasquez,607755,- - -,0.19634703,219,111.8237749,29
2023,Huascar Brazobán,623211,MIA,0.25291829,257,111.8391311,33
2023,Chris Martin,455119,BOS,0.23115578,199,112.1149861,37
2023,Hunter Greene,668881,CIN,0.30522088,498,112.1448421,23
2023,Jason Foley,671345,DET,0.19927536,276,112.2705725,27
2023,Greg Weissert,669711,NYY,0.25287356,87,112.2844767,28
2023,Josh Hader,623352,SDP,0.36796537,231,112.3000965,29
2023,Mason Miller,695243,OAK,0.27338129,139,112.3615884,24
2023,Penn Murfee,682171,SEA,0.27586207,58,112.3950685,29
2023,Tom Cosgrove,676680,SDP,0.21463415,205,112.4207452,27
2023,Luis García,472610,SDP,0.19850187,267,112.4473684,36
2023,Griffin Jax,643377,MIN,0.24817518,274,112.6198273,28
2023,Ryan Pressly,519151,HOU,0.2761194,268,112.6699412,34
2023,Shane McClanahan,663556,TBR,0.25799574,469,112.7151622,26
2023,Ryan Walker,676254,SFG,0.29657795,263,112.84339,27
2023,Garrett Cleavinger,664076,TBR,0.29166667,48,112.8825592,29
2023,Grayson Rodriguez,680570,BAL,0.25048544,515,112.9226899,23
2023,J.C. Mejía,650496,MIL,0.26,50,113.0183019,26
2023,Justin Topa,623437,SEA,0.21863799,279,113.03575,32
2023,Thyago Vieira,600986,MIL,0.2,10,113.0610256,30
2023,Robert Suarez,663158,SDP,0.22222222,108,113.1001336,32
2023,Reynaldo López,625643,- - -,0.29856115,278,113.1582015,29
2023,Alex Vesia,681911,LAD,0.29493088,217,113.2398742,27
2023,Kody Funderburk,681892,MIN,0.40425532,47,113.5122917,26
2023,Danny Coulombe,543056,BAL,0.27619048,210,113.5226695,33
2023,Bryan Abreu,650556,HOU,0.34843206,287,113.6851613,26
2023,Tim Hill,657612,SDP,0.12871287,202,113.8662745,33
2023,Matt Strahm,621381,PHI,0.30769231,351,113.8738921,31
2023,Mauricio Llovera,661440,- - -,0.18125,160,113.8750065,27
2023,Aaron Bummer,607481,CHW,0.29213483,267,113.8879854,29
2023,Yennier Cano,666974,BAL,0.22968198,283,114.2543363,29
2023,Shawn Armstrong,542888,TBR,0.26086957,207,114.3107012,32
2023,Joe Kelly,523260,- - -,0.35714286,168,114.454998,35
2023,Steven Wilson,621051,SDP,0.26027397,219,114.6040768,28
2023,Carlos Vargas,672841,ARI,0.31818182,22,114.608642,23
2023,A.J. Puk,640462,MIA,0.32231405,242,114.6707045,28
2023,Evan Phillips,623465,LAD,0.28205128,234,114.6890869,28
2023,Zach Pop,647315,TOR,0.25,56,114.7753769,26
2023,Yency Almonte,622075,LAD,0.23557692,208,114.8355639,29
2023,Ben Joyce,690829,LAA,0.20833333,48,115.179802,22
2023,Sam Moll,594580,- - -,0.25373134,268,115.2137373,31
2023,Gabe Speier,642100,SEA,0.2962963,216,115.7194608,28
2023,Seranthony Domínguez,622554,PHI,0.21428571,224,115.7524211,28
2023,Abner Uribe,682842,MIL,0.30708661,127,115.8869231,23
2023,Drew Rasmussen,656876,TBR,0.26553672,177,115.9506686,27
2023,Brooks Kriske,621139,KCR,0.24,25,116.0223913,29
2023,Camilo Doval,666808,SFG,0.30960854,281,116.2531454,25
2023,Brooks Raley,548384,NYM,0.25847458,236,116.3406537,35
2023,Parker Mushinski,656786,HOU,0.2173913,69,116.5211446,27
2023,Craig Kimbrel,518886,PHI,0.3381295,278,116.5823614,35
2023,Zack Wheeler,554430,PHI,0.26937738,787,116.668217,33
2023,Daniel Palencia,694037,CHC,0.27731092,119,116.7877328,23
2023,Colin Holderman,670059,PIT,0.24166667,240,116.9153068,27
2023,Carlos Hernández,672578,KCR,0.25666667,300,116.968933,26
2023,Adam Cimber,643256,TOR,0.12631579,95,116.9890323,32
2023,Spencer Strider,675911,ATL,0.36828309,763,117.0709296,24
2023,Dustin May,669160,LAD,0.18181818,187,117.2356216,25
2023,Aroldis Chapman,547973,- - -,0.41365462,249,117.7268096,35
2023,A.J. Minter,621345,ATL,0.31538462,260,117.8897552,29
2023,Jeff Hoffman,656546,PHI,0.33173077,208,117.9521782,30
2023,Clay Holmes,605280,NYY,0.27099237,262,119.3557967,30
2023,Julian Merryweather,657240,CHC,0.32343234,303,119.3936868,31
2023,Shohei Ohtani,660271,LAA,0.31450094,531,119.4912249,28
2023,Trevor Megill,656730,MIL,0.35135135,148,119.77177,29
2023,Jake Diekman,518617,- - -,0.26337449,243,119.8477399,36
2023,José Alvarado,621237,PHI,0.37209302,172,120.2082162,28
2023,Adam Kolarek,592473,- - -,0.31818182,22,120.228122,34
2023,Kevin Kelly,687330,TBR,0.20289855,276,120.2501876,25
2023,Paul Sewald,623149,- - -,0.32128514,249,120.843024,33
2023,Ryan Thompson,657044,- - -,0.17355372,121,120.8501471,31
2023,Brock Stewart,592779,MIN,0.35779817,109,121.4292483,31
2023,Brusdar Graterol,660813,LAD,0.18677043,257,121.8402035,24
2023,Guillo Zuñiga,670871,STL,0.5,8,121.9316279,24
2023,Gregory Soto,642397,PHI,0.26,250,122.3948092,28
2023,Andrés Muñoz,662253,SEA,0.31753555,211,123.4572216,24
2023,Jacob deGrom,594798,TEX,0.39130435,115,123.5076,35
2023,Kenley Jansen,445276,BOS,0.27659574,188,123.6448333,35
2023,Tanner Scott,656945,MIA,0.33876221,307,123.7386567,28
2023,Matt Brash,666374,SEA,0.3474026,308,123.7702797,25
2023,Ryan Helsley,664854,STL,0.35616438,146,124.2706425,28
2023,Tyler Rogers,643511,SFG,0.19417476,309,124.6523545,32
2023,Jordan Hicks,663855,- - -,0.28421053,285,124.6546858,26
2023,Orion Kerkering,689147,PHI,0.42857143,14,124.7726667,22
2023,Heath Hembree,592390,TBR,0.5,4,125.1533333,34
2023,Félix Bautista,642585,BAL,0.46413502,237,126.4560888,28
2023,Alek Jacob,689690,SDP,0.5,10,129.0021277,25
2023,Jhoan Duran,661395,MIN,0.32941176,255,130.2730722,25
2023,Jonathan Loáisiga,642528,NYY,0.08695652,69,130.8022881,28
2023,Emmanuel Clase,661403,CLE,0.21192053,302,133.4733749,25
2023,Pete Fairbanks,664126,TBR,0.36956522,184,136.3508595,29
2024,Tyler Heineman,623168,TOR,0,4,-22.94,33
2024,Isiah Kiner-Falefa,643396,TOR,0,9,0.427777778,29
2024,Michael Stefanic,683021,LAA,0,5,3.634666667,28
2024,Luis Guillorme,641645,- - -,0,15,12.7027907,29
2024,Zach McKinstry,656716,DET,0,8,19.08416667,29
2024,Luis Torrens,620443,NYM,0,1,19.26,28
2024,Garrett Hampson,641658,KCR,0,4,19.99076923,29
2024,Matt Mervis,670223,CHC,0,9,21.19567568,26
2024,Cole Tucker,657061,LAA,0,4,23.478,27
2024,Luke Williams,663897,ATL,0,19,23.66271186,27
2024,Matt Wallner,670242,MIN,0,6,24.49904762,26
2024,Eddy Alvarez,657193,NYM,0.2,5,27.39076923,34
2024,Garrett Stubbs,596117,PHI,0,19,29.70030769,31
2024,Luke Maile,571912,CIN,0,18,30.10215385,33
2024,Nick Loftin,679845,KCR,0,3,31.7625,25
2024,Kody Clemens,665019,PHI,0,6,31.94,28
2024,Donovan Walton,622268,SFG,0,5,34.3,30
2024,Pablo Reyes,622569,BOS,0,5,36.09,30
2024,Ildemaro Vargas,545121,WSN,0,9,37.80347826,32
2024,Kyle Farmer,571657,MIN,0,19,37.97414634,33
2024,James McCann,543510,BAL,0,5,38.072,34
2024,Miguel Rojas,500743,LAD,0,4,38.5,35
2024,Tucker Barnhart,571466,ARI,0,7,39.36727273,33
2024,Vidal Bruján,660644,MIA,0.0625,16,40.38436364,26
2024,David Bote,623520,CHC,0,5,42.064,31
2024,Willi Castro,650489,MIN,0,4,42.808,27
2024,Ernie Clement,676391,TOR,0,5,45.595,28
2024,Patrick Wisdom,621550,CHC,0,3,46.70923077,32
2024,Enrique Hernández,571771,LAD,0,18,49.42088889,32
2024,Emmanuel Rivera,656896,MIA,0,20,49.64464286,28
2024,Aaron Hicks,543305,LAA,0,6,49.9,34
2024,Ben Rortvedt,666163,TBR,0.09090909,11,50.69888889,26
2024,Owen Miller,680911,MIL,0,12,51.68,27
2024,Danny Mendick,664901,CHW,0,4,52.19333333,30
2024,Tyler Fitzgerald,666149,SFG,0,14,52.76222222,26
2024,Austin Hedges,595978,CLE,0,6,53.328,31
2024,Jhonny Pereda,640902,MIA,0,1,54.46,28
2024,Weston Wilson,642215,PHI,0,4,55.3775,29
2024,Oswaldo Cabrera,665828,NYY,0,3,56.93,25
2024,Leo Rivas,660844,SEA,0,9,57.332,26
2024,Mike Yastrzemski,573262,SFG,0,8,59.77448276,33
2024,Jose Trevino,624431,NYY,0,13,60.02930233,31
2024,Dominic Smith,642086,BOS,0,11,60.33225806,29
2024,Miguel Sanó,593934,LAA,0,1,61.42,31
2024,David Hensley,682073,MIA,0,10,62.46307692,28
2024,Jake Bauers,641343,MIL,0.05,20,62.89333333,28
2024,Josh Rojas,668942,SEA,0,8,63.24148148,30
2024,Grae Kessinger,666197,HOU,0,3,66.18,26
2024,Andrew Knizner,668800,TEX,0,11,69.70055556,29
2024,Pavin Smith,656976,ARI,0,5,69.70588235,28
2024,Clayton Andrews,677076,NYY,0.33333333,3,70.43066667,27
2024,Brandon Crawford,543063,STL,0,10,70.66742857,37
2024,Carl Edwards Jr.,605218,SDP,0,3,71.08,32
2024,Ryan Loutos,702795,STL,0,10,72.19407407,25
2024,Rowdy Tellez,642133,PIT,0,15,72.66909091,29
2024,Kyle Tyler,667725,MIA,0.17605634,142,73.35365688,27
2024,Andrew Saalfrank,685314,ARI,0,8,75.21692308,26
2024,Hans Crouse,668968,LAA,0.31775701,107,78.39100917,25
2024,Ty Blach,621389,COL,0.10909091,330,78.51781283,33
2024,Jonathan Bermúdez,642834,MIA,0.12121212,33,79.15739487,28
2024,Randy Dobnak,677976,MIN,0.15555556,45,79.35846154,29
2024,Chris Flexen,623167,CHW,0.17397454,707,81.4573524,29
2024,Zach Plesac,668676,LAA,0.09259259,54,81.48618357,29
2024,Max Lazar,676661,PHI,0.16666667,54,81.51635514,25
2024,Jacob Waguespack,621097,TBR,0.21568627,51,81.55402715,30
2024,Gordon Graceffo,700669,STL,0.19354839,31,81.78952381,24
2024,Blair Henley,668874,HOU,0,9,81.83487179,27
2024,Ben Lively,594902,CLE,0.18670886,632,81.86667778,32
2024,Matt Barnes,598264,WSN,0.16666667,60,81.88932203,34
2024,Johnny Cueto,456501,LAA,0.12,50,82.04958084,38
2024,Jordan Lyles,543475,KCR,0.15789474,19,82.41722222,33
2024,Shaun Anderson,641312,- - -,0.11764706,85,82.43737705,29
2024,Drew Thorpe,689672,CHW,0.13157895,190,82.57680111,23
2024,Casey Kelly,543391,CIN,0.19047619,21,82.65820513,34
2024,Caleb Boushley,676961,MIN,0.05,20,82.75079365,30
2024,Allan Winans,642216,ATL,0.09756098,41,82.93823129,28
2024,Darius Vines,670241,ATL,0.13636364,66,83.62568093,26
2024,Tyler Mahle,641816,TEX,0.17857143,56,83.70445415,29
2024,Nick Pratto,668472,KCR,0.25,4,83.9,25
2024,Martín Pérez,527048,- - -,0.18135593,590,83.95438726,33
2024,Raymond Burgos,670103,SFG,0.14285714,7,83.984,25
2024,Marco Gonzales,594835,PIT,0.15231788,151,84.02138182,32
2024,Tommy Henry,674072,ARI,0.16483516,182,84.15241997,26
2024,Carlos Carrasco,471911,CLE,0.19910515,447,84.48563464,37
2024,Ross Stripling,548389,OAK,0.12860892,381,84.53780157,34
2024,Caleb Kilian,668873,CHC,0.14583333,48,84.77360279,27
2024,Josh Rogers,642028,COL,0.06,50,84.97141176,29
2024,Jared Shuster,694363,CHW,0.17445483,321,85.00939535,25
2024,Dinelson Lamet,659275,LAD,0.16666667,18,85.17753425,31
2024,Angel Chivilli,683409,COL,0.21052632,133,85.24438017,21
2024,Kyle Hendricks,543294,CHC,0.15343915,567,85.38573349,34
2024,Marcus Stroman,573186,NYY,0.16740741,675,85.46251207,33
2024,Domingo Germán,593334,PIT,0.18,100,85.53928109,31
2024,Josh Maciejewski,656671,NYY,0.25925926,27,85.62104167,28
2024,Cal Quantrill,615698,COL,0.16768293,656,85.65885636,29
2024,Taijuan Walker,592836,PHI,0.15223097,381,85.69126316,31
2024,Connor Gillispie,687362,CLE,0.25,32,85.71070064,26
2024,Jack O'Loughlin,672552,OAK,0.12765957,47,85.85944134,24
2024,Riley Pint,666207,COL,0.31818182,22,85.87960784,26
2024,Antonio Senzatela,622608,COL,0.12962963,54,85.94073394,29
2024,Evan Kravetz,667478,CIN,0,2,85.995,27
2024,Vladimir Gutierrez,661269,MIA,0.23529412,17,86.09425,28
2024,Griffin Canning,656288,LAA,0.1759134,739,86.09528724,28
2024,Valente Bellozo,678368,MIA,0.14915254,295,86.10417582,24
2024,Jake Eder,671109,CHW,0.11111111,9,86.42533333,25
2024,Dallas Keuchel,572971,MIL,0.13924051,79,86.50577922,36
2024,Scott McGough,543518,ARI,0.16666667,150,86.51584352,34
2024,Jackson Stephens,623451,ATL,0.11764706,17,86.7345098,30
2024,Parker Dunshee,670161,ATL,0.21428571,14,86.83887324,29
2024,Sam Aldegheri,691951,LAA,0.14925373,67,86.94432432,22
2024,Jonathan Heasley,669169,BAL,0.13793103,29,86.97607477,27
2024,Brandon Bielak,656232,- - -,0.1,140,86.98882364,28
2024,Nick Hernandez,663321,HOU,0.29411765,34,87.03294964,29
2024,Brady Feigl,621399,PIT,0,11,87.06772727,33
2024,Dakota Hudson,641712,COL,0.12128713,404,87.09409574,29
2024,Naoyuki Uwasawa,683822,BOS,0.1875,16,87.12290323,30
2024,Kyle Gibson,502043,STL,0.20914127,722,87.17605808,36
2024,Bryce Elder,693821,ATL,0.20353982,226,87.25271462,25
2024,Alek Manoah,666201,TOR,0.25242718,103,87.30147959,26
2024,Ky Bush,681066,CHW,0.12643678,87,87.32801223,24
2024,Ian Gibaut,664139,CIN,0.1,10,87.403,30
2024,J.P. Feyereisen,656420,LAD,0.1875,48,87.51910615,31
2024,Aaron Brooks,605156,OAK,0.10084034,119,87.56782878,34
2024,James Meeker,703231,MIL,0,4,87.575,29
2024,Darren McCaughan,670766,- - -,0.14358974,195,87.64803922,28
2024,Chasen Shreve,592741,COL,0,4,87.682,33
2024,Austin Pruitt,643493,TEX,0.04166667,24,87.80759494,34
2024,Pedro Avila,658648,- - -,0.23229462,353,87.99344991,27
2024,Julio Teheran,527054,NYM,0.1875,16,87.99764706,33
2024,Jose Quintana,500779,NYM,0.18828452,717,88.04111983,35
2024,Max Meyer,676974,MIA,0.18548387,248,88.09427094,25
2024,Tanner Gordon,685299,COL,0.1625,160,88.09496711,26
2024,Scott Blewett,656240,MIN,0.21176471,85,88.14182965,28
2024,James Paxton,572020,- - -,0.16704805,437,88.16468402,35
2024,Jairo Iriarte,683568,CHW,0.2,30,88.17284672,22
2024,Kolby Allard,663465,PHI,0.1965812,117,88.20560728,26
2024,Jacob Lopez,682052,TBR,0.17391304,46,88.28067416,26
2024,Paul Blackburn,621112,- - -,0.18670886,316,88.31516358,30
2024,Caden Dana,702674,LAA,0.15384615,52,88.44951456,20
2024,Triston McKenzie,663474,CLE,0.21764706,340,88.66722521,26
2024,Cody Bradford,674003,TEX,0.22727273,308,88.74105884,26
2024,Evan Justice,687145,COL,0.5,2,88.77636364,25
2024,Mark Leiter Jr.,643410,- - -,0.3359375,256,88.77805775,33
2024,Trevor Rogers,669432,- - -,0.17259786,562,88.82636836,26
2024,Jon Gray,592351,TEX,0.19589977,439,88.92489521,32
2024,Carson Fulmer,608334,LAA,0.21372032,379,88.94683452,30
2024,Mitchell Parker,680730,WSN,0.20588235,646,88.96452877,24
2024,Xzavion Curry,675540,- - -,0.1627907,172,89.02057791,25
2024,Grant Holman,680880,OAK,0.21917808,73,89.02226804,24
2024,Joel Kuhnel,669270,- - -,0.12820513,39,89.04863612,29
2024,Shelby Miller,571946,DET,0.21777778,225,89.08587264,33
2024,Matt Carasiti,571539,COL,0.1627907,43,89.10331361,32
2024,Yilber Díaz,700270,ARI,0.15966387,119,89.13947798,23
2024,Blake Walston,686796,ARI,0.21686747,83,89.15527697,23
2024,Julian Aguiar,687924,CIN,0.13571429,140,89.24680529,23
2024,DL Hall,669084,MIL,0.22335025,197,89.34888002,25
2024,Ricardo Pinto,620982,PHI,0.13559322,59,89.37918552,30
2024,Albert Suárez,544150,BAL,0.19115044,565,89.41157621,34
2024,Zack Littell,641793,TBR,0.21493902,656,89.4216956,28
2024,Kyle Harrison,690986,SFG,0.22180451,532,89.43104578,22
2024,Zack Thompson,668868,STL,0.24096386,83,89.44258675,26
2024,Rhett Lowder,695076,CIN,0.171875,128,89.51440644,22
2024,Noah Davis,663562,COL,0.15625,96,89.59252747,27
2024,Grant Holmes,656550,ATL,0.24822695,282,89.60939423,28
2024,Nabil Crismatt,622503,LAD,0.23076923,26,89.66191489,29
2024,Lucas Gilbreath,656458,COL,0,12,89.69361702,28
2024,Nick Anderson,623433,KCR,0.18954248,153,89.71578778,33
2024,Trevor Williams,592866,WSN,0.22692308,260,89.73145558,32
2024,Germán Márquez,608566,COL,0.15,20,89.74628571,29
2024,Gavin Hollowell,668970,CHC,0.16666667,6,89.7562963,26
2024,Cody Poteet,547001,NYY,0.16666667,96,89.79540331,29
2024,Kyle Freeland,607536,COL,0.17346939,490,89.8273029,31
2024,Alan Busenitz,641427,CIN,0.14285714,21,89.84410256,33
2024,Brady Basso,669620,OAK,0.20430108,93,89.96131429,26
2024,Zac Kristofak,670219,LAA,0.18181818,11,89.98051282,26
2024,Chris Stratton,608717,KCR,0.17120623,257,90.03689829,33
2024,Austin Adams,613534,OAK,0.27748691,191,90.06306145,33
2024,Zach Brzykcy,694350,WSN,0.14285714,28,90.08134615,24
2024,Brandon Eisert,685126,TOR,0.07692308,26,90.09763636,26
2024,Nick Nastrini,680897,CHW,0.14942529,174,90.177194,24
2024,Ronel Blanco,669854,HOU,0.24556213,676,90.20288232,30
2024,Simeon Woods Richardson,680573,MIN,0.2056239,569,90.24222028,23
2024,Dane Dunning,641540,TEX,0.21615202,421,90.25512406,29
2024,George Soriano,666277,MIA,0.22137405,131,90.26374517,25
2024,Ricky Vanasco,676568,- - -,0.06666667,15,90.26831276,25
2024,Bradley Blalock,687134,- - -,0.13605442,147,90.28087421,23
2024,Tyler Beede,595881,CLE,0.26470588,68,90.32931818,31
2024,Shane Bieber,669456,CLE,0.44444444,45,90.35951807,29
2024,J.P. France,641585,HOU,0.18181818,121,90.36613734,29
2024,Adrian Houser,605288,NYM,0.14563107,309,90.4065602,31
2024,Gerson Garabito,642520,TEX,0.19130435,115,90.41975999,28
2024,Matt Waldron,663362,SDP,0.2128,625,90.4875816,27
2024,Erick Fedde,607200,- - -,0.21212121,726,90.51984792,31
2024,Brady Singer,663903,KCR,0.22309711,762,90.52730834,27
2024,Tejay Antone,622088,CIN,0.18181818,11,90.58723404,30
2024,Kenny Rosenberg,670046,LAA,0.16346154,104,90.6123691,28
2024,Paolo Espino,502179,TOR,0.06818182,44,90.64265823,37
2024,Eric Orze,679358,NYM,0.09090909,11,90.69047619,26
2024,Anthony Molina,683627,COL,0.15530303,264,90.6917062,22
2024,Matt Foster,641582,CHW,0.13333333,30,90.72833333,29
2024,Zach Logue,656657,LAD,0.33333333,12,90.73069767,28
2024,Luke Little,681432,CHC,0.25688073,109,90.77219388,23
2024,Emerson Hancock,676106,SEA,0.14661654,266,90.86609779,25
2024,Merrill Kelly,518876,ARI,0.21,300,90.86720562,35
2024,Matthew Boyd,571510,CLE,0.27710843,166,90.90407186,33
2024,Michael McGreevy,700241,STL,0.20930233,86,90.93254229,23
2024,Javier Assad,665871,CHC,0.19435737,638,90.99074367,26
2024,Touki Toussaint,657053,CHW,0.22222222,117,91.03169734,28
2024,Austin Gomber,596295,COL,0.16666667,696,91.12042797,30
2024,Alex Young,622065,- - -,0.22058824,68,91.1279927,30
2024,Yoendrys Gómez,672782,NYY,0.18518519,54,91.1335514,24
2024,Tyler Duffey,608648,KCR,0.23809524,42,91.18624339,33
2024,Tobias Myers,668964,MIL,0.22319859,569,91.22824772,25
2024,Eli Villalobos,681871,MIA,0.16666667,18,91.24901408,27
2024,Michael Lorenzen,547179,- - -,0.18097015,536,91.2848074,32
2024,Sixto Sánchez,664350,MIA,0.10493827,162,91.33325742,25
2024,Austin Kitchen,685116,MIA,0.0952381,42,91.40108091,27
2024,Jake Woodford,663765,- - -,0.15568862,167,91.41749357,27
2024,Quinn Priester,682990,- - -,0.14932127,221,91.48443884,23
2024,Daniel Lynch IV,663738,KCR,0.22413793,174,91.50932195,27
2024,Zac Gallen,668678,ARI,0.25120773,621,91.52007974,28
2024,Jake Bloss,814005,HOU,0.2,55,91.53165957,23
2024,Spencer Howard,675921,- - -,0.1875,144,91.59536651,27
2024,Matt Andriese,542882,MIA,0.26923077,26,91.6025,34
2024,Anthony Maldonado,687424,MIA,0.13414634,82,91.61084995,26
2024,Eduardo Rodriguez,593958,ARI,0.20982143,224,91.67140209,31
2024,Sean Reid-Foley,656887,NYM,0.27777778,90,91.74697674,28
2024,Giovanny Gallegos,606149,STL,0.22340426,94,91.76433915,32
2024,Tommy Kahnle,592454,NYY,0.25698324,179,91.77918563,34
2024,Peter Lambert,663567,COL,0.17857143,280,91.88161163,27
2024,Tyler Gilbert,656457,PHI,0.10526316,38,91.93282759,30
2024,Adam Mazur,800049,SDP,0.13924051,158,92.10899145,23
2024,Davis Daniel,669721,LAA,0.20895522,134,92.14661386,27
2024,Garrett Whitlock,676477,BOS,0.22666667,75,92.152,28
2024,Kenta Maeda,628317,DET,0.19793814,485,92.17417569,36
2024,Logan Gillaspie,670810,SDP,0.14285714,49,92.18384106,27
2024,Alexis Díaz,664747,CIN,0.22727273,242,92.25909928,27
2024,Chris Paddack,663978,MIN,0.20572917,384,92.2623489,28
2024,T.J. McFarland,519008,OAK,0.16595745,235,92.27133574,35
2024,Bryan Shaw,543766,CHW,0.16666667,24,92.32186916,36
2024,Joey Cantillo,676282,CLE,0.26993865,163,92.36244888,24
2024,David Buchanan,571527,CIN,0.07142857,14,92.40137931,35
2024,José Buttó,676130,NYM,0.26870748,294,92.4768333,26
2024,Brent Honeywell,641703,- - -,0.12080537,149,92.4892492,29
2024,Adam Oller,670124,MIA,0.19047619,189,92.49172316,29
2024,Tristan Beck,663941,SFG,0.20895522,67,92.50512397,28
2024,Jordan Montgomery,656756,ARI,0.15601504,532,92.51365216,31
2024,Logan Allen,671106,CLE,0.18287037,432,92.5381457,25
2024,Chase Anderson,502624,- - -,0.16470588,255,92.57081736,36
2024,Declan Cronin,686539,MIA,0.23529412,306,92.68567246,26
2024,Joe Ross,605452,MIL,0.20560748,321,92.72849916,31
2024,Ryan Burr,621114,TOR,0.33571429,140,92.7437193,30
2024,Mason Englert,669438,DET,0.17204301,93,92.77399517,24
2024,Jameson Taillon,592791,CHC,0.18518519,675,92.78158384,32
2024,Jeffrey Springs,605488,TBR,0.26056338,142,92.83054867,31
2024,Brad Keller,641745,- - -,0.16666667,192,92.88648612,28
2024,Alex Wood,622072,OAK,0.17741935,186,92.92486702,33
2024,Ryan Feltner,663372,COL,0.19942197,692,92.98207782,27
2024,Joan Adon,672851,WSN,0.125,48,93.00858106,25
2024,Tyler Wells,669330,BAL,0.19402985,67,93.00894942,29
2024,Enoli Paredes,660600,- - -,0.18390805,87,93.06470219,28
2024,Reese Olson,681857,DET,0.2172043,465,93.08510823,24
2024,Tyler Phillips,663969,PHI,0.175,160,93.13627526,26
2024,Dylan Floro,571670,- - -,0.17204301,279,93.13644205,33
2024,José Ureña,570632,TEX,0.1511879,463,93.24831347,32
2024,J.T. Ginn,669372,OAK,0.20422535,142,93.27884624,25
2024,John Curtiss,595928,COL,0.08333333,12,93.31947368,31
2024,David Peterson,656849,NYM,0.19803922,510,93.34954375,28
2024,Kyle Leahy,681517,STL,0.17277487,191,93.41965468,27
2024,Brandon Williamson,682227,CIN,0.20338983,59,93.43803635,26
2024,Patrick Corbin,571578,WSN,0.18193717,764,93.45638504,34
2024,Jaden Hill,677955,COL,0.13333333,45,93.49072848,24
2024,Yariel Rodríguez,684320,TOR,0.23097826,368,93.51790806,27
2024,Jeff Criswell,676105,COL,0.31034483,87,93.52165289,25
2024,Tayler Scott,605463,HOU,0.25177305,282,93.5679799,32
2024,Landon Knack,689017,LAD,0.24125874,286,93.59592067,26
2024,Jay Jackson,543351,MIN,0.25438596,114,93.59672566,36
2024,José Berríos,621244,TOR,0.19465649,786,93.65967686,30
2024,Sean Guenther,674944,DET,0.16438356,73,93.66065844,28
2024,Tyler Kinley,641755,COL,0.25263158,285,93.66916949,33
2024,Pablo López,641154,MIN,0.25647668,772,93.67378824,28
2024,Cole Irvin,608344,- - -,0.15853659,492,93.67663667,30
2024,Nick Nelson,656793,PHI,0.30769231,26,93.82333333,28
2024,Davis Martin,663436,CHW,0.21363636,220,93.86259971,27
2024,Erasmo Ramírez,541640,TBR,0.17647059,85,93.91854305,34
2024,Daulton Jefferies,641726,- - -,0.16438356,73,93.96106762,28
2024,Miguel Díaz,622766,HOU,0,3,93.98,29
2024,Andrew Abbott,671096,CIN,0.19453925,586,94.08437365,25
2024,Kyle Hurt,669165,LAD,0.11111111,27,94.09942989,26
2024,Miles Mikolas,571945,STL,0.16944444,720,94.10920059,35
2024,Roansy Contreras,672710,- - -,0.18791946,298,94.24006647,24
2024,Kyle Muller,666205,OAK,0.17821782,202,94.26458564,26
2024,Colin Poche,621363,TBR,0.21568627,153,94.30924214,30
2024,Alec Marsh,679525,KCR,0.22445255,548,94.34641224,26
2024,Josiah Gray,680686,WSN,0.20454545,44,94.37337143,26
2024,Enyel De Los Santos,660853,- - -,0.23741007,278,94.42092322,28
2024,Luis Peralta,678821,COL,0.28571429,49,94.44477778,23
2024,Josh Staumont,622251,MIN,0.17647059,102,94.47350588,30
2024,Dany Jiménez,666204,OAK,0.21367521,117,94.51482143,30
2024,Colin Selby,681882,- - -,0.17857143,28,94.55785714,26
2024,Brandon Leibrandt,605335,CIN,0.15625,32,94.55873016,31
2024,Keider Montero,672456,DET,0.1868932,412,94.5693356,23
2024,Luis Contreras,664351,HOU,0.23076923,26,94.59586207,28
2024,Héctor Neris,593576,- - -,0.24615385,260,94.60185983,35
2024,Michael Grove,675627,LAD,0.25,216,94.63710747,27
2024,Kent Emanuel,592288,MIA,0.14634146,82,94.65521595,32
2024,Wandy Peralta,593974,SDP,0.13580247,162,94.71110016,32
2024,Trevor McDonald,686790,SFG,0.1,10,94.75487179,23
2024,Bryce Jarvis,686826,ARI,0.14728682,258,94.78424303,26
2024,Owen White,669391,TEX,0,18,94.79391304,24
2024,Grant Hartwig,701643,NYM,0.12903226,31,94.82661017,26
2024,Erik Swanson,657024,TOR,0.2202381,168,94.8445045,30
2024,Jalen Beeks,656222,- - -,0.17628205,312,94.89416776,30
2024,Kevin Ginkel,656464,ARI,0.26460481,291,94.93951137,30
2024,Cole Sulser,642121,- - -,0.22727273,66,94.9545221,34
2024,Kris Bubic,663460,KCR,0.32231405,121,94.98521327,26
2024,Mike Clevinger,605182,CHW,0.19230769,78,94.99767313,33
2024,Ty Madden,680744,DET,0.16831683,101,95.00153846,24
2024,Nick Martinez,607259,CIN,0.20350877,570,95.06069452,33
2024,Nick Avila,687014,SFG,0.25454545,55,95.07342222,26
2024,Eli Morgan,669212,CLE,0.20359281,167,95.07720497,28
2024,Slade Cecconi,677944,ARI,0.18934911,338,95.10401366,25
2024,Chase Silseth,681217,LAA,0.31578947,38,95.11573171,24
2024,Kai-Wei Teng,678906,SFG,0.12727273,55,95.1254902,25
2024,Jesse Chavez,445926,ATL,0.20833333,264,95.15666987,40
2024,Derek Law,571882,WSN,0.20821918,365,95.19153338,33
2024,Josh Walker,677020,NYM,0.2,55,95.19339535,29
2024,Kevin Herget,643361,MIL,0.20930233,43,95.2654902,33
2024,Mitch White,669952,- - -,0.11818182,110,95.37424133,29
2024,JP Sears,676664,OAK,0.18073879,758,95.37842327,28
2024,Michael Soroka,647336,CHW,0.24207493,347,95.42124067,26
2024,Lake Bachar,669199,MIA,0.275,40,95.50713115,29
2024,John McMillon,669111,MIA,0.27659574,47,95.51027933,26
2024,Hayden Wesneski,669713,CHC,0.23674912,283,95.58317178,26
2024,Victor González,624647,NYY,0.11340206,97,95.59272727,28
2024,Jonathan Cannon,686563,CHW,0.1743295,522,95.59475585,23
2024,Carlos Rodriguez,692230,MIL,0.15789474,57,95.64813853,22
2024,Michael King,650633,SDP,0.2768595,726,95.65410858,29
2024,Josh Winder,680739,MIN,0.26315789,38,95.66425532,27
2024,Joey Lucchesi,664192,NYM,0.15217391,46,95.66719101,31
2024,Braxton Garrett,666129,MIA,0.21118012,161,95.67165247,26
2024,Kevin Gausman,592332,TOR,0.21428571,756,95.70610431,33
2024,Chayce McDermott,694646,BAL,0.16666667,18,95.71560976,25
2024,Elieser Hernández,622694,- - -,0.125,64,95.84178528,29
2024,Nick Robertson,687798,- - -,0.25454545,55,95.8475576,25
2024,Kyle Nelson,669459,ARI,0.19047619,42,95.86731034,27
2024,Logan Allen,663531,ARI,0.1640625,128,95.93182979,27
2024,Jhonathan Díaz,646242,SEA,0.17021277,47,95.98024096,27
2024,Jacob Webb,657097,BAL,0.24472574,237,96.03609442,30
2024,Janson Junk,676083,- - -,0.16666667,48,96.16811429,28
2024,Roddery Muñoz,682610,MIA,0.18469657,379,96.21045443,24
2024,Bailey Falter,663559,PIT,0.16468591,589,96.22557439,27
2024,Sean Newcomb,656794,OAK,0.15555556,45,96.23234973,31
2024,Logan Gilbert,669302,SEA,0.2739726,803,96.24569079,27
2024,Carson Spiers,686730,CIN,0.19512195,410,96.25557906,26
2024,Dean Kremer,665152,BAL,0.22242315,553,96.28014781,28
2024,Colin Rea,607067,MIL,0.18907563,714,96.32279774,33
2024,Ronny Henriquez,678692,MIN,0.18292683,82,96.48231023,24
2024,Joey Estes,683155,OAK,0.1694291,543,96.54731008,22
2024,Andre Pallante,669467,STL,0.18467583,509,96.59792191,25
2024,Phil Maton,664208,- - -,0.22641509,265,96.60460037,31
2024,Kirby Yates,489446,TEX,0.35864979,237,96.68236098,37
2024,David Festa,701581,MIN,0.27797834,277,96.72889409,24
2024,Seth Lugo,607625,KCR,0.21650718,836,96.74312258,34
2024,Wade Miley,489119,MIL,0.06666667,30,96.76564103,37
2024,Bailey Ober,641927,MIN,0.26939351,709,96.8207458,28
2024,Hogan Harris,663687,OAK,0.2,305,96.97414318,27
2024,Yoshinobu Yamamoto,808967,LAD,0.28532609,368,96.99475477,25
2024,JT Chargois,608638,- - -,0.20547945,146,97.01043478,33
2024,Kumar Rocker,677958,TEX,0.25454545,55,97.01327189,24
2024,Steven Matz,571927,STL,0.17368421,190,97.09525946,33
2024,Brandon Hughes,676714,ARI,0.23595506,89,97.1108315,28
2024,Kyle Bradish,680694,BAL,0.32515337,163,97.1223477,27
2024,Humberto Castellanos,528748,ARI,0.14583333,48,97.17763441,26
2024,Casey Legumina,668984,CIN,0.14893617,47,97.20107784,27
2024,Will Smith,519293,KCR,0.15591398,186,97.22239163,34
2024,Andrew Chafin,605177,- - -,0.28455285,246,97.26380772,34
2024,Cade Povich,700249,BAL,0.19602273,352,97.26921526,24
2024,Alex Faedo,656412,DET,0.22357724,246,97.27779636,28
2024,Tyler Matzek,554431,ATL,0.20833333,48,97.29966292,33
2024,Mike Burrows,681347,PIT,0.14285714,14,97.32029412,24
2024,Sonny Gray,543243,STL,0.30253353,671,97.32378488,34
2024,Justin Topa,623437,MIN,0.25,8,97.347,33
2024,Brayan Bello,678394,BOS,0.21794872,702,97.39766445,25
2024,Ranger Suárez,624133,PHI,0.23162939,626,97.43481007,28
2024,Shota Imanaga,684007,CHC,0.25072046,694,97.47049536,30
2024,Zebby Matthews,805673,MIN,0.24293785,177,97.48980392,24
2024,Dylan Dodd,689266,ATL,0.22222222,9,97.55705882,26
2024,Chad Kuhl,641771,CHW,0.225,240,97.5997125,31
2024,Charlie Morton,450203,ATL,0.2382311,701,97.60559597,40
2024,Joey Wentz,666214,- - -,0.24013158,304,97.63816669,26
2024,Keegan Thompson,624522,CHC,0.28346457,127,97.66393382,29
2024,Will Vest,676684,DET,0.21799308,289,97.7442069,29
2024,Ryder Ryan,656924,PIT,0.1827957,93,97.7759292,29
2024,Nick Ramirez,598286,LAD,0.07936508,63,97.81388601,34
2024,Will Klein,694361,- - -,0.18421053,38,97.81417123,24
2024,Lance Lynn,458681,STL,0.21330724,511,97.85240295,37
2024,Joe La Sorsa,686747,WSN,0.18918919,74,97.91938272,26
2024,Reynaldo López,625643,ATL,0.27255985,543,97.95946931,30
2024,Jakob Junis,596001,- - -,0.20158103,253,98.04908491,31
2024,Luis Ortiz,682847,PIT,0.19244604,556,98.06047303,25
2024,Louis Varland,686973,MIN,0.20588235,238,98.07816383,26
2024,Shawn Dubin,681869,HOU,0.23671498,207,98.10204762,28
2024,Jose Cuas,621016,- - -,0.20481928,83,98.18319749,30
2024,Michael Mercado,675650,PHI,0.15625,64,98.19769231,25
2024,Chris Bassitt,605135,TOR,0.22163588,758,98.20542005,35
2024,Mason Black,696131,SFG,0.18343195,169,98.20632287,24
2024,Richard Fitts,690916,BOS,0.10588235,85,98.21006452,24
2024,Tyler Anderson,542881,LAA,0.18562092,765,98.25496215,34
2024,Geoff Hartlieb,664129,COL,0.15909091,44,98.26116788,30
2024,Sean Manaea,640455,NYM,0.24932249,738,98.3176584,32
2024,J.B. Bukauskas,656266,MIL,0.27272727,22,98.39318182,27
2024,Landen Roupp,694738,SFG,0.21658986,217,98.39775076,25
2024,Jordan Leasure,673929,CHW,0.18309859,142,98.40447227,25
2024,Bryan Hoeing,663773,- - -,0.2047619,210,98.41153692,27
2024,Colten Brewer,605155,CHC,0.23157895,95,98.48892308,31
2024,Cole Sands,663485,MIN,0.29109589,292,98.58461005,26
2024,Jake Irvin,663623,WSN,0.20286086,769,98.59909779,27
2024,Miguel Castro,612434,ARI,0.125,64,98.61145299,29
2024,Jose E. Hernandez,669796,PIT,0.16,25,98.62404494,26
2024,Brenan Hanifee,669724,DET,0.19166667,120,98.64089485,26
2024,Dominic Leone,608678,CHW,0.19101124,89,98.64520776,32
2024,Jack Flaherty,656427,- - -,0.29892142,649,98.66866236,28
2024,Bowden Francis,670102,TOR,0.2254902,408,98.72081434,28
2024,Edward Cabrera,665795,MIA,0.25598086,418,98.724824,26
2024,Fraser Ellard,686642,CHW,0.25742574,101,98.7371897,26
2024,DJ Herz,687792,WSN,0.27748691,382,98.80060759,23
2024,John Brebbia,605154,- - -,0.2768595,242,98.85622188,34
2024,Freddy Peralta,642547,MIL,0.27586207,725,98.87897218,28
2024,Anthony Gose,543238,CLE,0.18181818,22,98.9078481,33
2024,Emmanuel Ramirez,642629,MIA,0.22826087,92,98.90975741,29
2024,Eduardo Salazar,674285,- - -,0.20300752,133,98.9209579,26
2024,Dylan Coleman,669395,HOU,0.25,4,98.97375,27
2024,Peter Strzelecki,657265,CLE,0.19148936,47,98.97644444,29
2024,Deivi García,665620,CHW,0.22058824,68,99.00723404,25
2024,Casey Mize,663554,DET,0.17256637,452,99.03330993,27
2024,Buck Farmer,571656,CIN,0.23411371,299,99.0364343,33
2024,Hunter Gaddis,683769,CLE,0.23741007,278,99.1190824,26
2024,Jesús Luzardo,666200,MIA,0.21167883,274,99.14155125,26
2024,Brett de Geus,676969,- - -,0.13461538,52,99.14903497,26
2024,Gavin Stone,694813,LAD,0.2,580,99.15228545,25
2024,Victor Vodnik,680767,COL,0.203125,320,99.15877154,24
2024,Dan Altavilla,656186,KCR,0.23809524,21,99.16463527,31
2024,John Means,607644,BAL,0.2,80,99.17622642,31
2024,Cristian Javier,664299,HOU,0.18,150,99.19198594,27
2024,Wes Parsons,641149,- - -,0.18421053,38,99.24337719,31
2024,Bryan Sammons,676614,DET,0.17307692,104,99.31465241,29
2024,Gus Varland,681402,- - -,0.23478261,115,99.33025769,27
2024,Josh Fleming,676596,PIT,0.12318841,138,99.36732761,28
2024,Andrew Heaney,571760,TEX,0.22943723,693,99.37988168,33
2024,Kirby Snead,669912,SEA,0.14583333,48,99.38851282,29
2024,Andrew Kittredge,552640,STL,0.23344948,287,99.46218537,34
2024,Jordan Weems,607179,WSN,0.17857143,196,99.54205198,31
2024,Hayden Birdsong,806185,SFG,0.27936508,315,99.59153401,22
2024,Yonny Chirinos,630023,MIA,0.17361111,144,99.64563107,30
2024,Sean Burke,680732,CHW,0.28947368,76,99.64588997,24
2024,Nick Sandlin,680704,CLE,0.27642276,246,99.65022833,27
2024,Patrick Sandoval,663776,LAA,0.22946176,353,99.68936022,27
2024,Nathan Eovaldi,543135,TEX,0.23850575,696,99.71028528,34
2024,Ben Brown,676962,CHC,0.28828829,222,99.72332455,24
2024,Matt Manning,666159,DET,0.18699187,123,99.75432494,26
2024,Yu Darvish,506433,SDP,0.23564955,331,99.76557769,37
2024,Yerry Rodríguez,666720,- - -,0.16190476,105,99.79147569,26
2024,Jackson Rutledge,671131,WSN,0.26470588,34,99.80651593,25
2024,Ryan Miller,668943,LAA,0.18965517,58,99.81131833,28
2024,Walker Buehler,621111,LAD,0.18604651,344,99.83695067,29
2024,Max Scherzer,453286,TEX,0.2259887,177,99.85733133,39
2024,Bryan Hudson,663542,MIL,0.26839827,231,99.86728061,27
2024,Kutter Crawford,676710,BOS,0.23056653,759,99.88162584,28
2024,Zach Eflin,621107,- - -,0.19590643,684,99.97256346,30
2024,Thyago Vieira,600986,- - -,0.22033898,177,100.0046872,31
2024,Nick Vespi,663989,BAL,0.18367347,49,100.0499408,28
2024,Ron Marinaccio,676760,NYY,0.25252525,99,100.0612183,28
2024,John Schreiber,670167,KCR,0.20535714,224,100.1212795,30
2024,Sam Hentges,656529,CLE,0.2967033,91,100.1934286,27
2024,Ryan Weathers,677960,MIA,0.21798365,367,100.2066525,24
2024,Luke Weaver,596133,NYY,0.31117825,331,100.2140849,30
2024,Tim Mayza,641835,- - -,0.14358974,195,100.2236063,32
2024,Ryan Borucki,621366,PIT,0.25490196,51,100.2324855,30
2024,Christian Scott,681035,NYM,0.19796954,197,100.2815796,25
2024,Huascar Brazobán,623211,- - -,0.23502304,217,100.2946571,34
2024,Justin Wrobleski,680736,LAD,0.16883117,154,100.3270888,23
2024,Calvin Faucher,676534,MIA,0.26808511,235,100.3476336,28
2024,Mitch Keller,656605,PIT,0.21474774,773,100.3484318,28
2024,Spencer Arrighetti,681293,HOU,0.27056962,632,100.3679569,24
2024,Luke Jackson,592426,- - -,0.25106383,235,100.3833692,32
2024,Isaac Mattson,676755,PIT,0.26086957,23,100.4042,28
2024,Michael Wacha,608379,KCR,0.21167883,685,100.4175319,32
2024,Jacob Barnes,606930,WSN,0.19855596,277,100.419839,34
2024,Walter Pennington,679156,- - -,0.20238095,84,100.424357,26
2024,Luis Frías,666818,- - -,0.22641509,53,100.4797957,26
2024,Tommy Nance,667297,TOR,0.20430108,93,100.4828213,33
2024,Austin Voth,608723,SEA,0.24596774,248,100.5211716,32
2024,Ty Adcock,686654,NYM,0.14285714,21,100.5427907,27
2024,Ryan Brasier,518489,LAD,0.22727273,110,100.6073827,36
2024,Rob Zastryzny,642239,MIL,0.17241379,29,100.621414,32
2024,Alex Lange,656638,DET,0.23333333,90,100.63552,28
2024,Luis Medina,665622,OAK,0.17777778,180,100.6440056,25
2024,Chris Devenski,606965,TBR,0.19672131,122,100.6728705,33
2024,José Suarez,660761,LAA,0.23333333,240,100.7167483,26
2024,Seth Martinez,661527,HOU,0.16216216,222,100.7625598,29
2024,Isaiah Campbell,663462,BOS,0.16216216,37,100.782069,26
2024,Tim Herrin,682120,CLE,0.26459144,257,100.7856008,27
2024,Tyler Holton,663947,DET,0.21751412,354,100.8081033,28
2024,Matt Koch,571863,COL,0,5,100.8095652,33
2024,Bryan King,687911,HOU,0.29357798,109,100.8191807,27
2024,Spencer Turnbull,605513,PHI,0.26126126,222,100.8433437,31
2024,Tanner Banks,621383,- - -,0.25080386,311,100.8867226,32
2024,Clayton Kershaw,477132,LAD,0.18045113,133,100.9223062,36
2024,Sam Long,669674,KCR,0.25,176,100.9436103,28
2024,Scott Alexander,518397,OAK,0.19375,160,100.9700533,34
2024,Tayler Saucedo,642048,SEA,0.22891566,166,100.9729374,31
2024,Sammy Peralta,671111,CHW,0.15277778,72,100.9922695,26
2024,Hurston Waldrep,694462,ATL,0.08333333,36,101.0025564,22
2024,Daniel Hudson,543339,LAD,0.24901186,253,101.0119099,37
2024,Justin Steele,657006,CHC,0.24324324,555,101.020787,28
2024,Cristian Mena,691441,ARI,0.13333333,15,101.1091429,21
2024,Jack Kochanowicz,686799,LAA,0.09398496,266,101.1374581,23
2024,Ben Casparius,676508,LAD,0.32432432,37,101.1746154,25
2024,Adbert Alzolay,640470,CHC,0.17333333,75,101.1801223,29
2024,Ray Kerr,678061,ATL,0.26213592,103,101.2354047,29
2024,Drew Smith,622098,NYM,0.29113924,79,101.2492262,30
2024,Alex Cobb,502171,CLE,0.16129032,62,101.2640496,36
2024,River Ryan,689981,LAD,0.22222222,81,101.3026441,25
2024,Cole Winn,668390,TEX,0.18181818,77,101.308042,24
2024,Tyler Alexander,641302,TBR,0.1978022,455,101.3402747,29
2024,Gavin Williams,668909,CLE,0.23795181,332,101.4375531,24
2024,Phil Bickford,641360,NYY,0.15384615,39,101.4625,28
2024,Randy Vásquez,681190,SDP,0.14385151,431,101.479099,25
2024,Caleb Ferguson,657571,- - -,0.26907631,249,101.5076071,27
2024,Rafael Montero,606160,HOU,0.1402439,164,101.5563586,33
2024,Trevor Richards,670950,- - -,0.22382671,277,101.5631568,31
2024,Victor Mederos,682989,LAA,0.18518519,27,101.6192523,23
2024,Joely Rodríguez,570257,BOS,0.1875,64,101.6475806,32
2024,Bryse Wilson,669060,MIL,0.18552036,442,101.7063152,26
2024,Graham Ashcraft,668933,CIN,0.16285714,350,101.710467,26
2024,Yuki Matsui,673513,SDP,0.26848249,257,101.7566475,28
2024,Guillo Zuñiga,670871,LAA,0.15789474,76,101.8509225,25
2024,Orlando Ribalta,687377,WSN,0.13043478,23,101.9701031,26
2024,Brent Headrick,687396,MIN,0.38461538,13,102.0483582,26
2024,Josh Sborz,622250,TEX,0.24637681,69,102.0849296,30
2024,Carlos Estévez,608032,- - -,0.23584906,212,102.1602159,31
2024,Ryne Nelson,669194,ARI,0.2,630,102.1793024,26
2024,Keaton Winn,676775,SFG,0.20168067,238,102.1853191,26
2024,Bryan Baker,641329,BAL,0.24731183,93,102.2066484,29
2024,John King,667463,STL,0.15322581,248,102.237757,29
2024,Jordan Wicks,696136,CHC,0.19811321,212,102.2704667,24
2024,Shane Baz,669358,TBR,0.21630094,319,102.2814796,25
2024,James McArthur,663704,KCR,0.19838057,247,102.2994906,27
2024,Tucker Davidson,656353,BAL,0.05263158,19,102.3038806,28
2024,Matt Krook,640454,BAL,0.33333333,6,102.3140741,29
2024,Beau Brieske,689225,DET,0.24468085,282,102.3632506,26
2024,Connor Brogdon,641401,- - -,0.15789474,19,102.3818557,29
2024,Frankie Montas,593423,- - -,0.2259542,655,102.421027,31
2024,Ryan Pressly,519151,HOU,0.23770492,244,102.4270124,35
2024,Joel Payamps,606303,MIL,0.25106383,235,102.4893855,30
2024,Cionel Pérez,672335,BAL,0.19327731,238,102.5490909,28
2024,Michael Tonkin,543859,- - -,0.25,340,102.7047535,34
2024,Tanner Rainey,663432,WSN,0.19047619,231,102.7365069,31
2024,Jimmy Herget,623474,ATL,0.28846154,52,102.7398942,30
2024,Tanner Bibee,676440,CLE,0.26338028,710,102.7687952,25
2024,Nick Pivetta,601713,BOS,0.28907563,595,102.7811322,31
2024,Scott Barlow,605130,CLE,0.28215768,241,102.7869536,31
2024,Erik Miller,669062,SFG,0.30633803,284,102.8629143,26
2024,Jacob Latz,656641,TEX,0.20833333,192,102.9034932,28
2024,Edwin Uceta,670955,TBR,0.35849057,159,102.9037725,26
2024,Parker Mushinski,656786,HOU,0.06,50,102.9424742,28
2024,Brandon Pfaadt,694297,ARI,0.24342105,760,102.9735653,25
2024,Luis Castillo,622491,SEA,0.2433936,719,103.0359566,31
2024,Cooper Criswell,681867,BOS,0.17216981,424,103.0367484,27
2024,Mike Baumann,657508,- - -,0.21969697,264,103.0543084,28
2024,Ryan Fernandez,681676,STL,0.24912281,285,103.0543598,26
2024,Jordan Romano,605447,TOR,0.20967742,62,103.0666667,31
2024,Brock Burke,656271,- - -,0.26623377,154,103.2090087,27
2024,Will Warren,701542,NYY,0.26363636,110,103.2275546,25
2024,Kyle Finnegan,640448,WSN,0.22140221,271,103.2466352,32
2024,Robert Garcia,676395,WSN,0.29880478,251,103.25228,28
2024,Austin Davis,656354,SDP,0.18181818,33,103.2628369,31
2024,Mitch Spence,687765,OAK,0.19354839,651,103.321752,26
2024,Matt Moore,519043,LAA,0.1952381,210,103.3559482,35
2024,Tylor Megill,656731,NYM,0.27002967,337,103.3799269,28
2024,Jonathan Hernández,642546,- - -,0.203125,192,103.40497,27
2024,Max Fried,608331,ATL,0.232493,714,103.5125808,30
2024,Jhony Brito,666745,SDP,0.15675676,185,103.56187,26
2024,Joe Jiménez,641729,ATL,0.29602888,277,103.6486029,29
2024,Chad Green,643338,TOR,0.21904762,210,103.6812157,33
2024,José Marte,665896,LAA,0.175,80,103.7084516,28
2024,Matthew Liberatore,669461,STL,0.2122905,358,103.72298,24
2024,Jared Jones,683003,PIT,0.26190476,504,103.7815795,22
2024,Spencer Bivens,702352,SFG,0.18316832,202,103.7873974,30
2024,Tony Santillan,663574,CIN,0.37704918,122,103.7930622,27
2024,Hunter Bigge,685801,- - -,0.32876712,73,103.8495407,26
2024,Taylor Rogers,573124,SFG,0.25702811,249,103.8527222,33
2024,José Cisnero,542585,LAA,0.22972973,74,103.8567846,35
2024,Justin Bruihl,677865,PIT,0.18518519,27,103.9126531,27
2024,Yusei Kikuchi,579328,- - -,0.2798913,736,103.9133734,33
2024,José Leclerc,600917,TEX,0.30902778,288,103.943495,30
2024,Yunior Marte,628708,PHI,0.18110236,127,103.9627083,29
2024,José Quijada,650671,LAA,0.28571429,84,103.9688533,28
2024,Tanner Houck,656557,BOS,0.20726783,743,103.9735484,28
2024,Cade Smith,671922,CLE,0.35640138,289,104.0435052,25
2024,Fernando Cruz,518585,CIN,0.37847222,288,104.0801547,34
2024,Tyson Miller,668338,- - -,0.22978723,235,104.0927757,28
2024,Richard Lovelady,663992,- - -,0.17687075,147,104.1046526,28
2024,Jorge López,605347,- - -,0.23041475,217,104.1165087,31
2024,Anthony Veneziano,685107,- - -,0.24137931,58,104.1387603,26
2024,George Kirby,669923,SEA,0.23007712,778,104.1489497,26
2024,Nick Lodolo,666157,CIN,0.2474645,493,104.2248762,26
2024,Chris Sale,519242,ATL,0.32051282,702,104.2275818,35
2024,Zach Penrod,683068,BOS,0.15,20,104.2468235,27
2024,Burch Smith,572143,- - -,0.19087137,241,104.258125,34
2024,Chris Martin,455119,BOS,0.27777778,180,104.2958779,38
2024,Erik Sabrowski,681870,CLE,0.40425532,47,104.3164646,26
2024,Justin Lawrence,664875,COL,0.16129032,279,104.3361816,29
2024,MacKenzie Gore,669022,WSN,0.24760602,731,104.3395972,25
2024,Reid Detmers,672282,LAA,0.27877238,391,104.3501797,24
2024,Osvaldo Bido,674370,OAK,0.24324324,259,104.3935065,28
2024,Dennis Santana,642701,- - -,0.24041812,287,104.5002494,28
2024,Dylan Lee,669276,ATL,0.31666667,240,104.5018501,29
2024,Clayton Beeter,690925,NYY,0.33333333,15,104.5501961,25
2024,Hunter Brown,686613,HOU,0.25140449,712,104.5515519,25
2024,Gabe Speier,642100,SEA,0.31730769,104,104.5545368,29
2024,Matt Sauer,669422,KCR,0.10714286,84,104.6318317,25
2024,Drew Smyly,592767,CHC,0.21789883,257,104.6508696,35
2024,Seth Johnson,686751,PHI,0,18,104.6961404,25
2024,Andrew Wantz,681806,LAA,0.5,6,104.7034286,28
2024,Josh Winckowski,670174,BOS,0.17857143,336,104.715852,26
2024,Joe Boyle,671212,OAK,0.24778761,226,104.7895165,24
2024,Shawn Armstrong,542888,- - -,0.22372881,295,104.8030705,33
2024,Blake Treinen,595014,LAD,0.30434783,184,104.833551,36
2024,Luis Ortiz,656814,PHI,0,4,104.8527273,28
2024,Eduard Bazardo,660825,SEA,0.30555556,108,104.8973182,28
2024,Robbie Ray,592662,SFG,0.33333333,129,104.9661593,32
2024,Brennan Bernardino,657514,BOS,0.24778761,226,104.9752258,32
2024,Lyon Richardson,680689,CIN,0.2,5,104.98,24
2024,Jordan Hicks,663855,SFG,0.1995842,481,105.0009215,27
2024,José Ruiz,614179,PHI,0.23963134,217,105.0033732,29
2024,Joe Ryan,657746,MIN,0.2732342,538,105.0079829,28
2024,Scott Effross,664123,NYY,0.14285714,14,105.0137838,30
2024,Carmen Mlodzinski,669387,PIT,0.22009569,209,105.1495818,25
2024,Pierce Johnson,572955,ATL,0.28389831,236,105.2412678,33
2024,Jack Leiter,683004,TEX,0.17919075,173,105.2499194,24
2024,Luis García,472610,- - -,0.20866142,254,105.265062,37
2024,Aroldis Chapman,547973,PIT,0.36981132,265,105.2688021,36
2024,Robert Gasser,688107,MIL,0.14035088,114,105.3781407,25
2024,Bryce Miller,682243,SEA,0.24289773,704,105.3903134,25
2024,Blake Snell,605483,SFG,0.34688995,418,105.4003403,31
2024,Hoby Milner,571948,MIL,0.23880597,268,105.4021316,33
2024,Porter Hodge,687863,CHC,0.31707317,164,105.4689062,23
2024,Jason Foley,671345,DET,0.184,250,105.4816759,28
2024,Brant Hurter,676428,DET,0.21714286,175,105.4889486,25
2024,Jake Cousins,664776,NYY,0.34193548,155,105.5013975,29
2024,Grant Anderson,681982,TEX,0.24166667,120,105.5699376,27
2024,Hunter Stratton,676702,PIT,0.20886076,158,105.5756314,27
2024,Ethan Roberts,681799,CHC,0.22033898,118,105.5795781,26
2024,Hunter Harvey,640451,- - -,0.25114155,219,105.5819088,29
2024,Luis Gil,661563,NYY,0.26844584,637,105.6281729,26
2024,Brent Suter,608718,CIN,0.18518519,270,105.6477559,34
2024,Steven Wilson,621051,CHW,0.20858896,163,105.6675161,29
2024,Danny Coulombe,543056,BAL,0.29906542,107,105.6805128,34
2024,Bobby Miller,676272,LAD,0.20155039,258,105.6847383,25
2024,Bailey Horn,690544,BOS,0.14772727,88,105.6946358,26
2024,Joe Mantiply,573009,ARI,0.218107,243,105.7322121,33
2024,Hunter Strickland,519326,LAA,0.19387755,294,105.7886505,35
2024,Jonathan Bowlan,680742,KCR,0.17647059,17,105.835,27
2024,Emilio Pagán,641941,CIN,0.27848101,158,105.8424947,33
2024,Easton Lucas,687922,- - -,0.16393443,61,105.8535214,27
2024,Trey Wingenter,622259,- - -,0.14285714,42,105.9237031,30
2024,Anthony Banda,607455,LAD,0.23923445,209,105.9414718,30
2024,Aaron Civale,650644,- - -,0.21625544,689,106.1532583,29
2024,Joe Jacques,682175,- - -,0.125,16,106.2148,29
2024,Julian Merryweather,657240,CHC,0.18918919,74,106.2200738,32
2024,Matt Bowman,621199,- - -,0.18181818,132,106.2689646,33
2024,Justin Verlander,434378,HOU,0.18686869,396,106.3024637,41
2024,Sam Moll,594580,CIN,0.25,152,106.3404509,32
2024,Craig Kimbrel,518886,BAL,0.31465517,232,106.4056133,36
2024,Carlos Hernández,672578,KCR,0.20930233,129,106.4140357,27
2024,Austin Warren,681810,SFG,0.16666667,42,106.433526,28
2024,Andrew Nardi,677053,MIA,0.33333333,210,106.4511283,25
2024,Ian Hamilton,641656,NYY,0.25153374,163,106.5053871,29
2024,Ben Heller,621294,PIT,0.22727273,66,106.5184861,32
2024,Jared Koenig,657649,MIL,0.23773585,265,106.5233546,30
2024,Elvis Peguero,665625,MIL,0.20704846,227,106.5400484,27
2024,Jackson Jobe,695549,DET,0.125,16,106.5557447,21
2024,Justin Anderson,605121,CHW,0.23553719,242,106.5604651,31
2024,José Soriano,667755,LAA,0.20726496,468,106.5993811,25
2024,Cristopher Sánchez,650911,PHI,0.20291777,754,106.6371562,27
2024,Jorge Alcala,660896,MIN,0.24680851,235,106.6913578,28
2024,Gregory Santos,666619,SEA,0.19354839,31,106.7311864,24
2024,Kyle Nicolas,693312,PIT,0.22633745,243,106.7326984,25
2024,Sean Hjelle,663546,SFG,0.22255193,337,106.7477269,27
2024,Dillon Tate,622253,- - -,0.16463415,164,106.7779738,30
2024,Jake Bird,656234,COL,0.16756757,185,106.781085,28
2024,Clarke Schmidt,657376,NYY,0.26345609,353,106.8097041,28
2024,Riley O'Brien,676617,STL,0.23913043,46,106.8116751,29
2024,Cody Bolton,675989,SEA,0.20481928,83,106.8973718,26
2024,Gerrit Cole,543037,NYY,0.25384615,390,106.9064491,33
2024,Bryan Woo,693433,SEA,0.21398305,472,107.0032107,24
2024,Jeremiah Estrada,669093,SDP,0.37301587,252,107.00978,25
2024,Spencer Schwellenbach,680885,ATL,0.254,500,107.0477021,24
2024,Kodai Senga,673540,NYM,0.45,20,107.0512329,31
2024,Alek Jacob,689690,SDP,0.33333333,57,107.0742241,26
2024,Framber Valdez,664285,HOU,0.24039829,703,107.2922598,30
2024,Michael Kelly,547184,OAK,0.171875,128,107.3559227,31
2024,Spencer Strider,675911,ATL,0.28571429,42,107.3579775,25
2024,Vinny Nittoli,657697,- - -,0.17391304,46,107.3814607,33
2024,Manuel Rodríguez,655889,TBR,0.21518987,158,107.4175667,27
2024,Adam Ottavino,493603,NYM,0.28571429,245,107.4381275,38
2024,Ryne Stanek,592773,- - -,0.2780083,241,107.4587942,32
2024,Raisel Iglesias,628452,ATL,0.26254826,259,107.4868503,34
2024,Tyler Glasnow,607192,LAD,0.32183908,522,107.5390651,30
2024,Grayson Rodriguez,680570,BAL,0.26476578,491,107.6898155,24
2024,AJ Smith-Shawver,700363,ATL,0.22222222,18,107.7377778,21
2024,Sean Reynolds,669308,SDP,0.42857143,49,107.7605333,26
2024,Kody Funderburk,681892,MIN,0.19875776,161,107.8137963,27
2024,Amir Garrett,607237,LAA,0.45833333,24,107.8169524,32
2024,Joe Kelly,523260,LAD,0.24475524,143,107.8740511,36
2024,Yosver Zulueta,691172,CIN,0.28985507,69,107.9075958,26
2024,Matt Festa,670036,- - -,0.24,100,108.0311589,31
2024,JoJo Romero,668941,STL,0.20987654,243,108.0527273,27
2024,Justin Slaten,686580,BOS,0.25892857,224,108.064716,26
2024,Jack Neely,680891,CHC,0.25,28,108.095102,24
2024,Joe Musgrove,605397,SDP,0.24634146,410,108.1602908,31
2024,Nestor Cortes,641482,NYY,0.22816901,710,108.189504,29
2024,Chase Shugart,663767,BOS,0.22222222,36,108.2973239,27
2024,Rich Hill,448179,BOS,0.33333333,15,108.3175309,44
2024,Tyler Jay,664079,- - -,0.16666667,36,108.3366013,30
2024,A.J. Minter,621345,ATL,0.26119403,134,108.4797303,30
2024,Trent Thornton,663423,SEA,0.26190476,294,108.4801587,30
2024,Paul Skenes,694973,PIT,0.3307393,514,108.4921371,22
2024,Taj Bradley,671737,TBR,0.26643599,578,108.502195,23
2024,Yohan Ramírez,670990,- - -,0.21634615,208,108.5166492,29
2024,A.J. Puk,640462,- - -,0.29931973,294,108.5261758,29
2024,Greg Weissert,669711,BOS,0.22053232,263,108.5942578,29
2024,Luis Severino,622663,NYM,0.21156373,761,108.6063498,30
2024,Gerardo Reyes,622103,OAK,0.11111111,18,108.6117647,31
2024,Aaron Ashby,676879,MIL,0.27731092,119,108.6544174,26
2024,Daniel Palencia,694037,CHC,0.23188406,69,108.6825856,24
2024,Troy Taylor,700187,SEA,0.30864198,81,108.6936585,22
2024,Randy Rodríguez,678495,SFG,0.239819,221,108.7281884,24
2024,Ryan Yarbrough,642232,- - -,0.16331658,398,108.7282592,32
2024,Justin Wilson,458677,CIN,0.24401914,209,108.8102822,36
2024,Nick Mears,683232,- - -,0.29296875,256,108.9250289,27
2024,Logan Webb,657277,SFG,0.20451843,841,108.9371106,27
2024,Bryan Abreu,650556,HOU,0.31692308,325,108.9887211,27
2024,Michael Petersen,656848,- - -,0.15555556,90,109.00573,30
2024,David Bednar,670280,PIT,0.22137405,262,109.035098,29
2024,Chris Roycroft,688297,STL,0.21290323,155,109.0452925,27
2024,Diego Castillo,650895,MIN,0.13953488,43,109.1035028,30
2024,Stephen Kolek,663568,SDP,0.18483412,211,109.2197487,27
2024,Jason Adam,592094,- - -,0.28723404,282,109.2253327,32
2024,Jesus Tinoco,622786,- - -,0.25925926,162,109.4639879,29
2024,Griffin Jax,643377,MIN,0.3442029,276,109.6017619,29
2024,Ryan Pepiot,686752,TBR,0.26345083,539,109.6832805,26
2024,Anthony Misiewicz,664948,NYY,0.16666667,6,109.768,29
2024,Dylan Cease,656302,SDP,0.29396325,762,109.7712956,28
2024,Cole Ragans,666142,KCR,0.29265092,762,109.8906367,26
2024,Justin Sterner,686993,TBR,0.21052632,19,109.8965625,27
2024,Marc Church,687847,TEX,0.25,4,109.9533333,23
2024,Zack Wheeler,554430,PHI,0.28462516,787,110.0621413,34
2024,Tom Cosgrove,676680,SDP,0.19736842,76,110.0712422,28
2024,Andrew Walters,689958,CLE,0.1875,32,110.1051437,23
2024,Génesis Cabrera,650893,TOR,0.18450185,271,110.2692621,27
2024,Nick Burdi,595897,NYY,0.26666667,45,110.4726066,31
2024,Dedniel Núñez,673380,NYM,0.35555556,135,110.642089,28
2024,Zach Pop,647315,TOR,0.15789474,209,110.7625371,27
2024,Daniel Duarte,650960,MIN,0.2,15,110.7907143,27
2024,Carlos Rodón,607074,NYY,0.26494565,736,111.0294254,31
2024,Angel Zerpa,672582,KCR,0.20502092,239,111.0715668,24
2024,Keegan Akin,669211,BAL,0.30990415,313,111.1833846,29
2024,José Alvarado,621237,PHI,0.24418605,258,111.1990649,29
2024,Ryan Walker,676254,SFG,0.32142857,308,111.3235211,28
2024,Lucas Erceg,668674,- - -,0.28458498,253,111.374957,29
2024,Amos Willingham,686294,WSN,0.2,5,111.394,25
2024,Camilo Doval,666808,SFG,0.28782288,271,111.3982031,26
2024,Jake Diekman,518617,NYM,0.27586207,145,111.4326687,37
2024,Danny Young,664849,NYM,0.29090909,165,111.4695815,30
2024,Prelander Berroa,672860,CHW,0.31325301,83,111.591662,24
2024,Aaron Nola,605400,PHI,0.2402439,820,111.6037182,31
2024,Yennier Cano,666974,BAL,0.26104418,249,111.6320199,30
2024,Cam Booser,592155,BOS,0.23497268,183,111.6648266,32
2024,David Robertson,502085,TEX,0.33445946,296,111.7904959,39
2024,Luis Guerrero,692285,BOS,0.25,36,111.7976608,23
2024,Daysbel Hernández,678226,ATL,0.35135135,74,111.8893656,27
2024,Caleb Thielbar,573204,MIN,0.24537037,216,112.1395017,37
2024,Tarik Skubal,669373,DET,0.30278884,753,112.1932415,27
2024,Adam Cimber,643256,LAA,0.17757009,107,112.3177778,33
2024,Forrest Whitley,666215,HOU,0.25,20,112.5206383,26
2024,Colin Holderman,670059,PIT,0.25112108,223,112.5676532,28
2024,Daniel Robert,642016,TEX,0.23076923,26,112.6730841,29
2024,Garrett Cleavinger,664076,TBR,0.26691729,266,112.7394508,30
2024,Yency Almonte,622075,CHC,0.29850746,67,112.8383521,30
2024,Nate Pearson,663878,- - -,0.25964912,285,112.8440038,27
2024,Josh Hader,623352,HOU,0.37769784,278,113.085589,30
2024,Hunter Greene,668881,CIN,0.27659574,611,113.1336154,24
2024,Corbin Burnes,669203,BAL,0.23086735,784,113.1886096,29
2024,Steven Okert,595345,MIN,0.20625,160,113.4265672,32
2024,Lucas Sims,608371,- - -,0.22790698,215,113.5116548,30
2024,Tyler Ferguson,621053,OAK,0.29951691,207,113.5270905,30
2024,Andrés Muñoz,662253,SEA,0.33189655,232,113.6322187,25
2024,Collin Snider,676092,SEA,0.27810651,169,113.7439704,28
2024,Abner Uribe,682842,MIL,0.21212121,66,113.7523256,24
2024,Seth Halvorsen,678020,COL,0.2826087,46,113.7711429,24
2024,Alex Vesia,681911,LAD,0.33079848,263,114.0763636,28
2024,Aaron Bummer,607481,ATL,0.28278689,244,114.0818519,30
2024,Tyler Zuber,676604,TBR,0.26666667,15,114.4824,29
2024,Kaleb Ort,672391,HOU,0.27956989,93,114.52,32
2024,Edgardo Henriquez,683618,LAD,0.35714286,14,114.5416949,22
2024,Edwin Díaz,621242,NYM,0.38888889,216,114.5934211,30
2024,Reed Garrett,657585,NYM,0.33603239,247,114.6803668,31
2024,Zack Kelly,677161,BOS,0.25311203,241,114.7728414,29
2024,Devin Williams,642207,MIL,0.43181818,88,114.8011765,29
2024,Jeff Hoffman,656546,PHI,0.33584906,265,114.9059873,31
2024,Matt Strahm,621381,PHI,0.33333333,237,115.1000607,32
2024,Pete Fairbanks,664126,TBR,0.23783784,185,115.6771182,30
2024,Garrett Crochet,676979,CHW,0.3512605,595,115.6855109,25
2024,Evan Phillips,623465,LAD,0.27631579,228,115.7042623,29
2024,Ryan Zeferjahn,666171,LAA,0.28125,64,115.7407692,26
2024,Brock Stewart,592779,MIN,0.29850746,67,115.8297398,32
2024,Wander Suero,593833,HOU,0,1,115.9,32
2024,Jacob deGrom,594798,TEX,0.31818182,44,115.9837427,36
2024,Robert Suarez,663158,SDP,0.22868217,258,116.1373469,33
2024,Adam Kloffenstein,680572,STL,0,3,116.2733333,23
2024,Tim Hill,657612,- - -,0.10652921,291,116.3754186,34
2024,Brendon Little,663893,TOR,0.1865285,193,116.7774026,27
2024,Paul Sewald,623149,ARI,0.26060606,165,117.0238217,34
2024,Trevor Megill,656730,MIL,0.27322404,183,117.3485113,30
2024,Anthony Bender,669622,MIA,0.25877193,228,117.489513,29
2024,Brusdar Graterol,660813,LAD,0.25925926,27,117.7623762,25
2024,Ryan Thompson,657044,ARI,0.19117647,272,117.8631449,32
2024,Seranthony Domínguez,622554,- - -,0.26666667,255,117.9625664,29
2024,Gregory Soto,642397,- - -,0.26639344,244,118.3793583,29
2024,Jose A. Ferrer,678606,WSN,0.19379845,129,118.5612236,24
2024,Tyler Rogers,643511,SFG,0.17586207,290,119.0285829,33
2024,Steven Cruz,674444,KCR,0.22222222,18,119.3188,25
2024,Orion Kerkering,689147,PHI,0.28793774,257,119.3629255,23
2024,Alex Speas,666208,HOU,0.25,8,119.9938462,26
2024,Kenley Jansen,445276,BOS,0.28440367,218,120.0679648,36
2024,Justin Martinez,679885,ARI,0.29545455,308,121.3837884,22
2024,Kevin Kelly,687330,TBR,0.22661871,278,121.682298,26
2024,Yimi García,554340,- - -,0.32026144,153,122.1762349,33
2024,Mason Montgomery,682254,TBR,0.45945946,37,122.3950633,24
2024,Tanner Scott,656945,- - -,0.28571429,294,123.6856711,29
2024,Adrian Morejon,670970,SDP,0.26102941,272,124.3449481,25
2024,Michel Otañez,671305,OAK,0.36423841,151,124.4637604,26
2024,Jhoan Duran,661395,MIN,0.28947368,228,124.9550668,26
2024,Clay Holmes,605280,NYY,0.25092251,271,125.7785014,31
2024,Michael Kopech,656629,- - -,0.31541219,279,127.3387691,28
2024,Ben Joyce,690829,LAA,0.23239437,142,127.9202382,23
2024,Emmanuel Clase,661403,CLE,0.24444444,270,127.9787702,26
2024,Drew Rasmussen,656876,TBR,0.30172414,116,128.4815784,28
2024,Ryan Helsley,664854,STL,0.29699248,266,129.1097198,29
2024,Mason Miller,695243,OAK,0.41767068,249,129.133457,25
2024,Brooks Raley,548384,NYM,0.36,25,132.3845378,36
2024,Jonathan Loáisiga,642528,NYY,0.15,20,133.4455738,29
2025,Travis Jankowski,608671,NYM,0,6,-12.22153846,34
2025,Isiah Kiner-Falefa,643396,TOR,0,2,-4.454285714,30
2025,Willi Castro,650489,MIN,0,4,5.303333333,28
2025,Tyler Heineman,623168,TOR,0,27,6.899402985,34
2025,Logan Porter,682515,SFG,0,5,10.55066667,29
2025,Nicky Lopez,670032,LAA,0,2,10.78,30
2025,Vinny Capra,681962,CHW,0.06666667,15,14.00436364,28
2025,Austin Slater,596103,NYY,0,3,17.24,32
2025,Anthony Seigler,678011,MIL,0,4,23.2,26
2025,Garrett Hampson,641658,STL,0,3,23.37333333,30
2025,César Salazar,663967,HOU,0,4,23.45909091,29
2025,Reese McGuire,624512,CHC,0,6,23.68705882,30
2025,Ezequiel Duran,677649,TEX,0,11,24.3895,26
2025,Christian Koss,683766,SFG,0,16,25.5290625,27
2025,Abraham Toro,647351,BOS,0,8,25.71466667,28
2025,Logan Davidson,669722,LAA,0.33333333,3,27.1,27
2025,Luis Vázquez,676679,BAL,0,14,27.574,25
2025,Austin Nola,543592,COL,0,11,27.74551724,35
2025,Niko Kavadas,694359,LAA,0.11111111,9,27.96,26
2025,Jon Berti,542932,CHC,0,19,28.13672131,35
2025,Ryan Fitzgerald,680837,MIN,0,8,29.0975,31
2025,Tyler Wade,642180,SDP,0,6,30.14947368,30
2025,Luke Williams,663897,ATL,0.16,25,30.88,28
2025,Jose Trevino,624431,CIN,0.08333333,12,31.74978723,32
2025,Jacob Amaya,676070,CHW,0,3,33.36,26
2025,Tucker Barnhart,571466,TEX,0,11,33.36272727,34
2025,Weston Wilson,642215,PHI,0,12,36.34233333,30
2025,Will Wilson,669717,CLE,0,8,36.72923077,26
2025,Zach McKinstry,656716,DET,0,1,38.34,30
2025,Miles Mastrobuoni,670156,SEA,0,6,38.51043478,29
2025,Kevin Newman,621028,LAA,0,16,38.6821875,31
2025,Ali Sánchez,645305,TOR,0.16666667,6,39.15333333,28
2025,Luke Maile,571912,KCR,0,4,39.39692308,34
2025,Jorge Mateo,622761,BAL,0,11,39.59714286,30
2025,Jake Rogers,668670,DET,0,16,40.1277551,30
2025,Oswald Peraza,672724,LAA,0,16,40.238,25
2025,Willie MacIver,680862,ATH,0,10,40.58428571,28
2025,Enrique Hernández,571771,LAD,0.02702703,37,40.5848,33
2025,Tomás Nido,621512,DET,0,6,41.68222222,31
2025,Kody Clemens,665019,MIN,0,6,42.85,29
2025,Miguel Rojas,500743,LAD,0,28,43.26202532,36
2025,Leo Rivas,660844,SEA,0,6,43.66,27
2025,Cooper Hummel,669450,HOU,0,9,43.72470588,30
2025,Pablo Reyes,622569,NYY,0,8,44.33666667,31
2025,Mike Yastrzemski,573262,SFG,0,7,45.58190476,34
2025,Alec Burleson,676475,STL,0,4,46.08,26
2025,Chas McCormick,676801,HOU,0.06666667,15,46.42481013,30
2025,Vidal Bruján,660644,ATL,0,11,46.63217391,27
2025,Amed Rosario,642708,WSN,0,10,46.99,29
2025,Luis Torrens,620443,NYM,0,8,48.40347826,29
2025,Alan Trejo,676701,COL,0,3,50.3375,29
2025,Jonah Bride,681146,MIN,0.05405405,37,52.26339394,29
2025,Jared Young,676724,NYM,0,3,53.24909091,29
2025,Emmanuel Rivera,656896,BAL,0,13,53.26444444,29
2025,Jared Triolo,669707,PIT,0,8,53.32923077,27
2025,Javier Sanoja,691594,MIA,0.01851852,54,53.9718543,22
2025,Austin Hedges,595978,CLE,0.0625,16,54.56918033,32
2025,Jose Herrera,645444,ARI,0,10,54.81777778,28
2025,Nate Eaton,681987,BOS,0,4,54.83727273,28
2025,Alex Jackson,656577,BAL,0,8,56.10666667,29
2025,Gary Sánchez,596142,BAL,0,7,56.55052632,32
2025,Jacob Stallings,607732,COL,0.125,8,57.15181818,35
2025,Kyle Farmer,571657,COL,0,5,59.62,34
2025,Scott Kingery,664068,LAA,0.05555556,18,63.04722222,31
2025,José Caballero,676609,TBR,0,9,63.20583333,28
2025,Jhonny Pereda,640902,ATH,0.15,20,65.71961538,29
2025,Korey Lee,686676,CHW,0,14,66.3854,26
2025,Michael Stefanic,683021,TOR,0,3,67.46571429,29
2025,Jake Bauers,641343,MIL,0.03448276,29,73.08329114,29
2025,Casey Kelly,543391,ARI,0,6,75.17,35
2025,Taylor Rashi,688497,ARI,0.30555556,72,75.33573668,29
2025,Nabil Crismatt,622503,ARI,0.16339869,153,78.41655431,30
2025,Rowdy Tellez,642133,TEX,0,11,78.70695652,30
2025,Tommy Henry,674072,ARI,0.30769231,26,78.76471698,27
2025,Brandon Eisert,685126,CHW,0.24183007,306,79.14646496,27
2025,Martín Pérez,527048,CHW,0.19298246,228,80.83917545,34
2025,Blas Castaño,680604,SEA,0.0625,16,80.8424,26
2025,Carlos Carrasco,471911,- - -,0.16037736,212,81.09683239,38
2025,Yilber Díaz,700270,ARI,0.06666667,15,81.105,24
2025,Randy Dobnak,677976,MIN,0.05263158,19,81.18506329,30
2025,Davis Daniel,669721,ATL,0.19565217,46,81.20519029,28
2025,Ryan Loutos,702795,- - -,0.11764706,68,82.19506151,26
2025,Brett de Geus,676969,PHI,0,10,82.21191489,27
2025,Lucas Gilbreath,656458,COL,0.5,4,82.36333333,29
2025,Chris Flexen,623167,CHC,0.12359551,178,82.44402831,30
2025,Kyle Hendricks,543294,LAA,0.16402878,695,82.52906116,35
2025,Dugan Darnell,699911,COL,0.10416667,48,82.54290323,28
2025,Scott Blewett,656240,- - -,0.18041237,194,82.770452,29
2025,Ben Lively,594902,CLE,0.16292135,178,82.78812672,33
2025,Cody Poteet,547001,BAL,0.0625,16,83.04294118,30
2025,Matt Waldron,663362,SDP,0.12,25,83.16230769,28
2025,Jose Espada,664744,BAL,0.44444444,9,83.57241379,28
2025,Tanner Gordon,685299,COL,0.18397626,337,84.30386838,27
2025,Zach Thompson,605507,ATL,0.25,12,84.77366667,31
2025,Jake Eder,671109,LAA,0.19230769,78,85.06890365,26
2025,Shaun Anderson,641312,LAA,0.19642857,56,85.13689655,30
2025,Zack Littell,641793,- - -,0.171278,759,85.18083509,29
2025,Jake Palisch,669449,CHW,0,6,85.24,26
2025,Andry Lara,691251,WSN,0.12820513,78,85.25361538,22
2025,Kyle Nelson,669459,ARI,0.18181818,11,85.28636364,28
2025,Jose Quintana,500779,MIL,0.16007194,556,85.43132163,36
2025,Antonio Senzatela,622608,COL,0.11812298,618,85.45850732,30
2025,Garrett Acton,670183,TBR,0,5,85.46571429,27
2025,Austin Pope,687166,ARI,0.11111111,9,85.535,26
2025,Dom Hamel,687589,NYM,0,6,85.66615385,26
2025,Dane Dunning,641540,- - -,0.22105263,95,85.71679842,30
2025,T.J. McFarland,519008,ATH,0.09459459,74,85.98720588,36
2025,Carson Fulmer,608334,LAA,0.21138211,123,86.12166302,31
2025,Andrew Saalfrank,685314,ARI,0.16814159,113,86.12505855,27
2025,Bryce Jarvis,686826,ARI,0.21428571,98,86.15017115,27
2025,Kolby Allard,663465,CLE,0.15789474,266,86.26716591,27
2025,Joey Estes,683155,ATH,0.10909091,55,86.26817204,23
2025,Doug Nikhazy,680951,CLE,0.2173913,23,86.33759259,25
2025,Brad Lord,695418,WSN,0.1978022,546,86.48385185,25
2025,Sauryn Lao,666659,- - -,0.18367347,49,86.51506808,25
2025,Nick Anderson,623433,COL,0.16393443,61,86.61382114,34
2025,José Ureña,570632,- - -,0.13877551,245,86.72552984,33
2025,Allan Winans,642216,NYY,0.13043478,46,86.80327485,29
2025,Austin Gomber,596295,COL,0.125,272,86.85874751,31
2025,Robinson Piña,673820,- - -,0.07142857,14,86.86819672,26
2025,Andrew Alvarez,674841,WSN,0.20408163,98,87.46795181,26
2025,Casey Lawrence,596271,- - -,0.0875,80,87.57800677,37
2025,Logan Gillaspie,670810,SDP,0.12903226,31,87.67892857,28
2025,Mitch Farris,815083,LAA,0.22429907,107,87.88034653,24
2025,Simeon Woods Richardson,680573,MIN,0.22717622,471,87.88855585,24
2025,Mark Leiter Jr.,643410,NYY,0.24657534,219,87.90041013,34
2025,Ian Gibaut,664139,CIN,0.13761468,109,88.00367347,31
2025,Kevin Herget,643361,- - -,0.10714286,56,88.06252833,34
2025,Germán Márquez,608566,COL,0.14043993,591,88.07714423,30
2025,Bruce Zimmermann,669145,MIL,0.03571429,28,88.08285714,30
2025,Brian Van Belle,687003,TBR,0.16666667,36,88.09317829,28
2025,Jose Corniell,692030,TEX,0.11111111,9,88.14585366,22
2025,Joey Wentz,666214,- - -,0.2081448,442,88.18913423,27
2025,Anthony Molina,683627,COL,0.15,160,88.2284938,23
2025,Scott McGough,543518,- - -,0.21333333,75,88.3356229,35
2025,Ryan Feltner,663372,COL,0.18518519,135,88.40862069,28
2025,Jason Alexander,669920,- - -,0.19345238,336,88.43316294,32
2025,Ronel Blanco,669854,HOU,0.24120603,199,88.45489899,31
2025,Cal Quantrill,615698,- - -,0.16569201,513,88.48376477,30
2025,Jon Gray,592351,TEX,0.19047619,63,88.50066667,33
2025,José Berríos,621244,TOR,0.19770774,698,88.66995636,31
2025,Miles Mikolas,571945,STL,0.14947683,669,88.73170968,36
2025,Luis Contreras,664351,HOU,0.24074074,54,88.77633929,29
2025,Albert Suárez,544150,BAL,0.22727273,44,88.79173653,35
2025,Connor Thomas,671162,MIL,0.16129032,31,88.8440678,27
2025,Chris Stratton,608717,- - -,0.21153846,104,88.93574224,34
2025,Luke Little,681432,CHC,0.26666667,15,88.95813333,24
2025,Joey Cantillo,676282,CLE,0.26932668,401,88.96586139,25
2025,Rich Hill,448179,KCR,0.09302326,43,88.974375,45
2025,Caleb Boushley,676961,TEX,0.21243523,193,88.99302173,31
2025,Emerson Hancock,676106,SEA,0.16623377,385,89.02720102,26
2025,Kyle Gibson,502043,BAL,0.1369863,73,89.11685714,37
2025,Max Lazar,676661,PHI,0.15294118,170,89.19008696,26
2025,Mike Clevinger,605182,CHW,0.09677419,31,89.22813559,34
2025,Luis Garcia,677651,HOU,0.25,28,89.28150943,28
2025,Jared Shuster,694363,CHW,0.14634146,82,89.38823334,26
2025,Erasmo Ramírez,541640,MIN,0.11904762,42,89.45269231,35
2025,Nick Hernandez,663321,HOU,0.21153846,52,89.47095023,30
2025,Marcus Stroman,573186,NYY,0.14857143,175,89.52528409,34
2025,Kevin Ginkel,656464,ARI,0.23966942,121,89.65194274,31
2025,Carl Edwards Jr.,605218,- - -,0.25,24,89.73333333,33
2025,Erik Swanson,657024,TOR,0.1,30,89.7346875,31
2025,Shinnosuke Ogasawara,829272,WSN,0.1734104,173,89.73739962,27
2025,Miguel Castro,612434,CHW,0.14285714,28,89.74038095,30
2025,David Peterson,656849,NYM,0.20746888,723,89.78314339,29
2025,Taijuan Walker,592836,PHI,0.1598513,538,89.98277989,32
2025,Touki Toussaint,657053,LAA,0.27272727,11,90.12093023,29
2025,Bryce Elder,693821,ATL,0.19293078,679,90.25338922,26
2025,Michael McGreevy,700241,STL,0.145,400,90.28396492,24
2025,Sam Aldegheri,691951,LAA,0.16438356,73,90.2890021,23
2025,Brady Basso,669620,ATH,0.14285714,56,90.33320388,27
2025,Jesse Chavez,445926,ATL,0.18604651,43,90.3902924,41
2025,Merrill Kelly,518876,- - -,0.22326203,748,90.43684649,36
2025,Michael Tonkin,543859,MIN,0.18446602,103,90.58332494,35
2025,David Festa,701581,MIN,0.23144105,229,90.61005743,25
2025,Grant Holmes,656550,ATL,0.25,492,90.67867399,29
2025,Ryan Rolison,669020,COL,0.12953368,193,90.70705256,27
2025,Chayce McDermott,694646,BAL,0.17647059,51,90.74860071,26
2025,Ryan Bergert,686701,- - -,0.22600619,323,90.8135118,25
2025,Tommy Kahnle,592454,DET,0.18726592,267,90.81976744,35
2025,Robert Stock,476594,BOS,0.06666667,15,90.86271186,35
2025,Bryan Hoeing,663773,SDP,0.13888889,36,90.88107692,28
2025,Zach Agnos,688642,COL,0.13768116,138,90.97048872,24
2025,Carson Whisenhunt,687931,SFG,0.15686275,102,91.00840295,24
2025,Eduardo Rodriguez,593958,ARI,0.20605187,694,91.03907609,32
2025,Nick Martinez,607259,CIN,0.16983895,683,91.04396324,34
2025,Tyler Mahle,641816,TEX,0.19075145,346,91.0716474,30
2025,Tayler Scott,605463,- - -,0.17910448,134,91.0966498,33
2025,Erick Fedde,607200,- - -,0.13322632,623,91.09693633,32
2025,Carson Ragsdale,685068,BAL,0.16,25,91.13852632,27
2025,Roki Sasaki,808963,LAD,0.17391304,161,91.16343648,23
2025,Mitchell Parker,680730,WSN,0.14206897,725,91.39065295,25
2025,Connor Gillispie,687362,MIA,0.18699187,123,91.52425703,27
2025,Caden Dana,702674,LAA,0.23404255,141,91.53576017,21
2025,Craig Yoho,684974,MIL,0.17073171,41,91.55733333,25
2025,Nolan Hoffman,676510,PHI,0.28571429,7,91.59230769,27
2025,Codi Heuer,676051,- - -,0.23809524,21,91.63816092,28
2025,Josh Walker,677020,TOR,0.32,25,91.66173913,30
2025,Griffin Canning,656288,NYM,0.21341463,328,91.68813711,29
2025,José Urquidy,664353,DET,0.21428571,14,91.80666667,30
2025,Anthony Misiewicz,664948,MIN,0.2173913,23,91.83948276,30
2025,Lucas Giolito,608337,BOS,0.19738989,613,91.85340398,30
2025,Andrew Hoffmann,694851,- - -,0.19672131,61,91.86233559,25
2025,Owen White,669391,CHW,0.17142857,35,91.89132353,25
2025,J.P. France,641585,HOU,0.3125,16,91.89394737,30
2025,Jordan Weems,607179,HOU,0,23,91.97244898,32
2025,Zak Kent,687849,CLE,0.21052632,76,92.0912987,27
2025,Sean Guenther,674944,DET,0.18604651,43,92.12300156,29
2025,Sean Burke,680732,CHW,0.22315436,596,92.12364301,25
2025,Brandon Young,687064,BAL,0.18359375,256,92.1285623,26
2025,Michael Lorenzen,547179,KCR,0.20957096,606,92.14410243,33
2025,Reiver Sanmartin,665665,CIN,0.25,8,92.1496,29
2025,Chris Paddack,663978,- - -,0.16716418,670,92.23908228,29
2025,Gerson Garabito,642520,TEX,0.19512195,41,92.23983471,29
2025,Ryan Burr,621114,TOR,0.375,8,92.25846154,31
2025,Eric Lauer,641778,TOR,0.23943662,426,92.30164775,30
2025,Cristian Mena,691441,ARI,0.30769231,26,92.3186,22
2025,Tomoyuki Sugano,608372,BAL,0.15703704,675,92.34417642,35
2025,Ian Anderson,666120,LAA,0.15686275,51,92.36633663,27
2025,Grant Holman,680880,ATH,0.16504854,103,92.37764039,25
2025,Shane Bieber,669456,TOR,0.2327044,159,92.38034109,30
2025,Trevor Rogers,669432,BAL,0.24349882,423,92.39477833,27
2025,Tyler Owens,687074,DET,0.06666667,15,92.41636364,24
2025,Logan Allen,671106,CLE,0.18047337,676,92.45483333,26
2025,Zach Brzykcy,694350,WSN,0.21818182,110,92.46104575,25
2025,Thomas Hatch,641672,- - -,0.14473684,152,92.48342283,30
2025,John Brebbia,605154,- - -,0.22608696,115,92.54698112,35
2025,Adrian Houser,605288,- - -,0.17760618,518,92.56424183,32
2025,Kendall Graveman,608665,ARI,0.1097561,82,92.60158537,34
2025,Marc Church,687847,TEX,0.2173913,23,92.62141414,24
2025,Andrew Heaney,571760,- - -,0.16044776,536,92.74361079,34
2025,Slade Cecconi,677944,CLE,0.2,545,92.77619875,26
2025,Thomas Harrington,802419,PIT,0.14,50,92.8092,23
2025,Zac Gallen,668678,ARI,0.21525215,813,92.8295936,29
2025,Kenta Maeda,628317,DET,0.18604651,43,92.85930233,37
2025,Zach Eflin,621107,BAL,0.1618123,309,92.93150758,31
2025,Tom Cosgrove,676680,CHC,0.1875,16,92.93176471,29
2025,Enyel De Los Santos,660853,- - -,0.22142857,280,92.93537611,29
2025,Luke Jackson,592426,- - -,0.17351598,219,92.95492582,33
2025,Jacob Lopez,682052,ATH,0.28320802,399,93.08814843,27
2025,Logan Henderson,701656,MIL,0.33333333,99,93.15230769,23
2025,Gordon Graceffo,700669,STL,0.20725389,193,93.16439153,25
2025,Joe Ross,605452,PHI,0.17105263,228,93.20663573,32
2025,Jack Kochanowicz,686799,LAA,0.140625,512,93.21148845,24
2025,Bradley Blalock,687134,COL,0.09818182,275,93.21853082,24
2025,Gunnar Hoglund,680684,ATH,0.16546763,139,93.27474453,25
2025,Kris Bubic,663460,KCR,0.24369748,476,93.28014477,27
2025,José Quijada,650671,LAA,0.375,8,93.29707317,29
2025,Pablo López,641154,MIN,0.23397436,312,93.36568924,29
2025,Jimmy Herget,623474,COL,0.23342939,347,93.45425665,31
2025,Félix Bautista,642585,BAL,0.35211268,142,93.45578275,30
2025,Liam Hendriks,521230,BOS,0.20338983,59,93.46905172,36
2025,Bryan Hudson,663542,- - -,0.25333333,75,93.47416704,28
2025,Christian Montes De Oca,801216,ARI,0.22222222,9,93.48086957,25
2025,Dylan Smith,681916,DET,0.08333333,48,93.53393939,25
2025,Nic Enright,663671,CLE,0.23622047,127,93.57181989,28
2025,Tristan Beck,663941,SFG,0.17672414,232,93.58022032,29
2025,Jakob Junis,596001,CLE,0.20072993,274,93.60401544,32
2025,Ian Seymour,693855,TBR,0.26446281,242,93.61343117,26
2025,Xzavion Curry,675540,MIA,0.0625,16,93.6315625,26
2025,Javier Assad,665871,CHC,0.1503268,153,93.6386604,27
2025,Ryan Pressly,519151,CHC,0.15384615,182,93.64143293,36
2025,Sam Long,669674,KCR,0.17460317,189,93.66274905,29
2025,Andre Pallante,669467,STL,0.15524476,715,93.70088463,26
2025,Kai-Wei Teng,678906,SFG,0.28057554,139,93.7303932,26
2025,Chase Petty,695534,CIN,0.175,40,93.75928994,22
2025,Bowden Francis,670102,TOR,0.1875,288,93.78415652,29
2025,Jeffrey Springs,605488,ATH,0.19354839,713,93.79518386,32
2025,Landon Knack,689017,LAD,0.22702703,185,93.79884457,27
2025,Elvin Rodríguez,660730,- - -,0.2,90,93.82814955,27
2025,Pierson Ohl,701487,MIN,0.20300752,133,93.84980929,25
2025,Bailey Ober,641927,MIN,0.19230769,624,93.91803404,29
2025,Tobias Myers,668964,MIL,0.17272727,220,93.92164046,26
2025,Sean Hjelle,663546,SFG,0.15068493,73,94.02289241,28
2025,Kodai Senga,673540,NYM,0.22614108,482,94.09807874,32
2025,Matthew Boyd,571510,CHC,0.21448468,718,94.10290949,34
2025,Noah Cameron,702070,KCR,0.20503597,556,94.10494893,25
2025,Beau Brieske,689225,DET,0.15533981,103,94.12611013,27
2025,Paxton Schultz,687606,TOR,0.25454545,110,94.14586418,27
2025,Seth Lugo,607625,KCR,0.20458265,611,94.161609,35
2025,Roansy Contreras,672710,- - -,0.11764706,51,94.16497462,25
2025,Anthony Maldonado,687424,ATH,0.21212121,33,94.18149254,27
2025,DL Hall,669084,MIL,0.17419355,155,94.20187579,26
2025,JP Sears,676664,- - -,0.20068611,583,94.20453977,29
2025,Joey Gerber,680702,TBR,0.26666667,15,94.22857143,28
2025,Valente Bellozo,678368,MIA,0.15517241,348,94.23303208,25
2025,Jameson Taillon,592791,CHC,0.18882466,519,94.27137195,33
2025,Lyon Richardson,680689,CIN,0.1744186,172,94.27860327,25
2025,Shota Imanaga,684007,CHC,0.20634921,567,94.3002741,31
2025,Kirby Yates,489446,LAD,0.29213483,178,94.34133858,38
2025,Randy Wynne,691094,CIN,0.23076923,13,94.35914894,32
2025,JT Brubaker,664141,- - -,0.18803419,117,94.38813259,31
2025,Jovani Morán,663558,BOS,0.25,20,94.39525,28
2025,Noah Davis,663562,- - -,0.23076923,65,94.41386454,28
2025,Eduardo Salazar,674285,WSN,0.15333333,150,94.42275735,27
2025,Jake Irvin,663623,WSN,0.15756036,787,94.45697959,28
2025,Janson Junk,676083,MIA,0.17225951,447,94.49314508,29
2025,Mason Black,696131,SFG,0.26315789,19,94.52594595,25
2025,Angel Chivilli,683409,COL,0.15636364,275,94.56464251,22
2025,Jaden Hill,677955,COL,0.24031008,129,94.56642127,25
2025,Trevor Williams,592866,WSN,0.17426273,373,94.575391,33
2025,Hayden Wesneski,669713,HOU,0.22137405,131,94.61996047,27
2025,Kyle Freeland,607536,COL,0.17489422,709,94.63670277,32
2025,Tony Gonsolin,664062,LAD,0.24203822,157,94.64617162,31
2025,Wikelman González,682790,CHW,0.28735632,87,94.66994898,23
2025,Hunter Strickland,519326,LAA,0.15384615,91,94.68174699,36
2025,Hunter Gaddis,683769,CLE,0.26642336,274,94.68876318,27
2025,Darren McCaughan,670766,MIN,0.26086957,23,94.72,29
2025,Héctor Neris,593576,- - -,0.28225806,124,94.72404023,36
2025,José Soriano,667755,LAA,0.20994475,724,94.74868223,26
2025,Connor Seabold,657756,- - -,0.20833333,48,94.75135135,29
2025,Grant Taylor,691799,CHW,0.34394904,157,94.76484557,23
2025,Kyle Bradish,680694,BAL,0.37301587,126,94.77520325,28
2025,Cole Wilcox,677961,TBR,0.08333333,12,94.78684211,25
2025,Michael Soroka,647336,- - -,0.25065963,379,94.80752363,27
2025,Carson Spiers,686730,CIN,0.18333333,60,94.81142439,27
2025,Cristian Javier,664299,HOU,0.21656051,157,94.82388979,28
2025,Logan Evans,688138,SEA,0.16857143,350,94.86940311,24
2025,Colin Rea,607067,CHC,0.1918429,662,94.8758786,34
2025,Reese Olson,681857,DET,0.22807018,285,94.91567474,25
2025,Yusei Kikuchi,579328,LAA,0.2253886,772,94.93767172,34
2025,Alexis Díaz,664747,- - -,0.2,85,94.94844694,28
2025,Trevor McDonald,686790,SFG,0.23333333,60,94.96685605,24
2025,Colin Selby,681882,BAL,0.23333333,60,94.98766355,27
2025,Alex Lange,656638,DET,0.16666667,6,95.004,29
2025,Jacob Webb,657097,TEX,0.21722846,267,95.00855385,31
2025,Wade Miley,489119,CIN,0.12727273,55,95.02348583,38
2025,Shane Smith,681343,CHW,0.23538961,616,95.03372305,25
2025,Dean Kremer,665152,BAL,0.20056497,708,95.03996461,29
2025,Mitch Keller,656605,PIT,0.20026702,749,95.04036212,29
2025,Colton Gordon,676467,HOU,0.18997361,379,95.09257672,26
2025,Jacob Barnes,606930,TOR,0.13888889,36,95.10206452,35
2025,Jalen Beeks,656222,ARI,0.2034632,231,95.14607818,31
2025,Brady Singer,663903,CIN,0.22765363,716,95.15404151,28
2025,Nathan Wiles,686249,ATL,0.14285714,7,95.2475,26
2025,Daniel Lynch IV,663738,KCR,0.15570934,289,95.26337833,28
2025,Colin Poche,621363,- - -,0.21153846,52,95.28972004,31
2025,Cody Laweryson,689520,MIN,0.26923077,26,95.33450549,27
2025,Alex Carrillo,692024,NYM,0.18181818,22,95.36857143,28
2025,Mike Burrows,681347,PIT,0.24129353,402,95.43408308,25
2025,Paul Gervase,801434,- - -,0.20512821,39,95.45073529,25
2025,Andrew Chafin,605177,- - -,0.25174825,143,95.45973154,35
2025,McCade Brown,685326,COL,0.18253968,126,95.48256513,24
2025,Carlos Duran,679922,ATH,0,5,95.61777778,23
2025,Casey Mize,663554,DET,0.22169059,627,95.65650659,28
2025,J.P. Feyereisen,656420,- - -,0.17391304,23,95.67604938,32
2025,Parker Messick,800048,CLE,0.23030303,165,95.70253205,24
2025,Konnor Pilkington,663455,WSN,0.27642276,123,95.72706349,27
2025,Clayton Kershaw,477132,LAD,0.18142549,463,95.72872654,37
2025,Hogan Harris,663687,ATH,0.23465704,277,95.72949513,28
2025,Lazaro Estrada,681751,TOR,0.28571429,35,95.7459322,26
2025,John Curtiss,595928,ARI,0.17021277,141,95.78845588,32
2025,Sonny Gray,543243,STL,0.26693227,753,95.83399484,35
2025,Logan Gilbert,669302,SEA,0.32336449,535,95.85941423,28
2025,Chris Bassitt,605135,TOR,0.22554348,736,95.86998389,36
2025,Ryan Brasier,518489,CHC,0.19047619,105,95.87153465,37
2025,Eli Morgan,669212,CHC,0.11428571,35,95.87181818,29
2025,Patrick Corbin,571578,TEX,0.19758673,663,95.90406028,35
2025,Stephen Kolek,663568,- - -,0.1670282,461,95.90554325,28
2025,Bailey Falter,663559,- - -,0.15637066,518,95.93979833,28
2025,Ranger Suárez,624133,PHI,0.23195084,651,95.94506765,29
2025,J.T. Ginn,669372,ATH,0.25255102,392,96.05027143,26
2025,Spencer Turnbull,605513,TOR,0.12121212,33,96.07648,32
2025,Edwin Uceta,670955,TBR,0.32087227,321,96.10337764,27
2025,Matthew Liberatore,669461,STL,0.1882716,648,96.10877208,25
2025,Tyler Wells,669330,BAL,0.2195122,82,96.11184751,30
2025,Chris Devenski,606965,NYM,0.21538462,65,96.11700686,34
2025,Yerry De los Santos,660787,NYY,0.175,160,96.11826531,27
2025,Luis Castillo,622491,SEA,0.21744966,745,96.1761059,32
2025,Max Scherzer,453286,TOR,0.22905028,358,96.18283572,40
2025,Cade Horton,690990,CHC,0.20378151,476,96.23583701,23
2025,Brooks Kriske,621139,- - -,0.20454545,88,96.28903956,31
2025,Isaac Mattson,676755,PIT,0.22727273,198,96.30098191,29
2025,Matt Krook,640454,ATH,0.2,15,96.31634146,30
2025,Keider Montero,672456,DET,0.18508997,389,96.31959595,24
2025,Jesse Scholtens,669947,TBR,0.31578947,38,96.32542169,31
2025,Jackson Kowar,663804,SEA,0.21126761,71,96.35129825,28
2025,Sawyer Gipson-Long,687830,DET,0.19548872,133,96.37328285,27
2025,Brandon Woodruff,605540,MIL,0.3229572,257,96.38792887,32
2025,Brayan Bello,678394,BOS,0.17714286,700,96.42944006,26
2025,Alan Rangel,660604,PHI,0.17391304,46,96.44344828,27
2025,José Leclerc,600917,ATH,0.17391304,46,96.46043668,31
2025,Spencer Strider,675911,ATL,0.24304267,539,96.49300427,26
2025,Max Meyer,676974,MIA,0.23859649,285,96.50745174,26
2025,Davis Martin,663436,CHW,0.17304493,601,96.62936226,28
2025,Raisel Iglesias,628452,ATL,0.27443609,266,96.63370717,35
2025,Kyle Harrison,690986,- - -,0.24358974,156,96.67554134,23
2025,Luke Weaver,596133,NYY,0.27480916,262,96.69731684,31
2025,Walker Buehler,621111,- - -,0.16283186,565,96.70725851,30
2025,Brandon Walter,687888,HOU,0.24528302,212,96.71788177,28
2025,Cole Sulser,642121,TBR,0.24444444,90,96.72804124,35
2025,Mason Barnett,686930,ATH,0.17307692,104,96.73362791,24
2025,Randy Vásquez,681190,SDP,0.13684211,570,96.75014245,26
2025,Victor Vodnik,680767,COL,0.22790698,215,96.83949891,25
2025,Cade Povich,700249,BAL,0.24180328,488,96.84022597,25
2025,Bryan King,687911,HOU,0.25090909,275,96.90839779,28
2025,Andrew Abbott,671096,CIN,0.21783626,684,96.91826022,26
2025,Hunter Bigge,685801,TBR,0.2,60,96.99629956,27
2025,Freddy Tarnok,676206,MIA,0.35714286,28,97.00914729,26
2025,Cole Sands,663485,MIN,0.21404682,299,97.02887029,27
2025,Tanner Houck,656557,BOS,0.15763547,203,97.03445333,29
2025,Carson Palmquist,687223,COL,0.15428571,175,97.05409722,24
2025,Dennis Santana,642701,PIT,0.22222222,270,97.07382324,29
2025,Tony Santillan,663574,CIN,0.24916944,301,97.09495652,28
2025,Landen Roupp,694738,SFG,0.21428571,476,97.11380022,26
2025,Garrett McDaniels,680729,LAA,0.12,50,97.12460733,25
2025,Tyler Anderson,542881,LAA,0.1736227,599,97.13664671,35
2025,Brandon Pfaadt,694297,ARI,0.1916558,767,97.20974588,26
2025,Nathan Eovaldi,543135,TEX,0.26008065,496,97.26031332,35
2025,Paul Blackburn,621112,- - -,0.19428571,175,97.26942293,31
2025,Bryse Wilson,669060,CHW,0.125,224,97.29071252,27
2025,Luis F. Castillo,622379,SEA,0.12195122,41,97.32909091,30
2025,Robbie Ray,592662,SFG,0.24635762,755,97.35040183,33
2025,Justin Hagenman,663795,NYM,0.23232323,99,97.37381362,28
2025,Taylor Clarke,664199,KCR,0.21359223,206,97.37674797,32
2025,Jonathan Cannon,686563,CHW,0.18454936,466,97.44223903,24
2025,Keaton Winn,676775,SFG,0.21428571,42,97.46048485,27
2025,Patrick Monteverde,687287,MIA,0.2,20,97.50850575,27
2025,Matt Gage,657424,- - -,0.19708029,137,97.51548552,32
2025,Dan Altavilla,656186,CHW,0.175,120,97.6028821,32
2025,Quinn Priester,682990,MIL,0.20214395,653,97.60340695,24
2025,MacKenzie Gore,669022,WSN,0.27205882,680,97.61171235,26
2025,Justin Topa,623437,MIN,0.18283582,268,97.62674951,34
2025,Michael Wacha,608379,KCR,0.17597765,716,97.63258198,33
2025,Hayden Harris,802686,ATL,0,12,97.6552,26
2025,Kumar Rocker,677958,TEX,0.19512195,287,97.65961027,25
2025,Shawn Dubin,681869,- - -,0.19310345,145,97.66683786,29
2025,José Ruiz,614179,- - -,0.18987342,79,97.66900395,30
2025,Luis Peralta,678821,COL,0.15841584,101,97.69899083,24
2025,Connelly Early,813349,BOS,0.36708861,79,97.70826087,23
2025,Trevor Richards,670950,- - -,0.17241379,29,97.76343943,32
2025,AJ Smith-Shawver,700363,ATL,0.21875,192,97.81681241,22
2025,Hunter Dobbins,690928,BOS,0.17578125,256,97.81809653,25
2025,Mike Vasil,678024,CHW,0.19385343,423,97.82688535,25
2025,Michael Fulmer,605242,- - -,0.13043478,23,97.87933333,32
2025,Yoshinobu Yamamoto,808967,LAD,0.29385965,684,97.89128905,26
2025,Nick Pivetta,601713,SDP,0.26352288,721,97.90440999,32
2025,Blake Snell,605483,LAD,0.28346457,254,97.93716243,32
2025,Carlos Rodriguez,692230,MIL,0.22,50,97.95173077,23
2025,Adam Mazur,800049,MIA,0.13669065,139,97.9606953,24
2025,George Kirby,669923,SEA,0.26145038,524,97.96446869,27
2025,Logan VanWey,701121,HOU,0.14285714,49,97.97978495,26
2025,Dillon Tate,622253,TOR,0.23529412,34,97.99136691,31
2025,Brandon Waddell,663399,NYM,0.1641791,134,98.00822183,31
2025,Mason Thompson,666168,WSN,0.18333333,60,98.01966245,27
2025,Austin Cox,680735,ATL,0.21568627,102,98.02973698,28
2025,Sam Moll,594580,CIN,0.27160494,81,98.06688822,33
2025,Omar Cruz,678316,SDP,0.27777778,18,98.13185185,26
2025,Mason Englert,669438,TBR,0.23783784,185,98.18890688,25
2025,Scott Alexander,518397,- - -,0.09876543,81,98.18894569,35
2025,Joe La Sorsa,686747,CIN,0.06060606,33,98.19272727,27
2025,Aaron Civale,650644,- - -,0.20229885,435,98.21383473,30
2025,Tyler Glasnow,607192,LAD,0.28961749,366,98.2598645,31
2025,Jack Flaherty,656427,DET,0.27606461,681,98.32237,29
2025,Steven Wilson,621051,CHW,0.21161826,241,98.34797938,30
2025,Greg Weissert,669711,BOS,0.20503597,278,98.37471136,30
2025,Rafael Montero,606160,- - -,0.22924901,253,98.37618779,34
2025,Justin Garza,621057,NYM,0.10714286,28,98.46942529,31
2025,Tyler Phillips,663969,MIA,0.16613419,313,98.47664258,27
2025,Ian Hamilton,641656,NYY,0.25301205,166,98.48107337,30
2025,Carlos Estévez,608032,KCR,0.20074349,269,98.55410749,32
2025,Jorge López,605347,WSN,0.16037736,106,98.55932817,32
2025,Drew Sommers,805427,DET,0.15789474,19,98.57558442,24
2025,Ryan Fernandez,681676,STL,0.24285714,140,98.60719697,27
2025,Jack Dreyer,676263,LAD,0.24104235,307,98.67249098,26
2025,Tim Herrin,682120,CLE,0.23195876,194,98.67614973,28
2025,Richard Lovelady,663992,- - -,0.21052632,57,98.71055193,29
2025,Chase Lee,695445,DET,0.24324324,148,98.7233,26
2025,Anthony DeSclafani,543101,ARI,0.21301775,169,98.74789034,35
2025,José Suarez,660761,ATL,0.19753086,81,98.76428426,27
2025,Spencer Bivens,702352,SFG,0.17784257,343,98.78765337,31
2025,Michael King,650633,SDP,0.24675325,308,98.78804598,30
2025,Angel Perdomo,622780,ATH,0.125,16,98.79914286,31
2025,Hunter Barco,682995,PIT,0.25,12,98.80608696,24
2025,Ben Brown,676962,CHC,0.25635593,472,98.81599332,25
2025,Trent Thornton,663423,SEA,0.17777778,180,98.84979651,31
2025,Triston McKenzie,663474,CLE,0.13333333,30,98.89934959,27
2025,Yoendrys Gómez,672782,- - -,0.20938628,277,98.93777617,25
2025,Hayden Birdsong,806185,SFG,0.22818792,298,98.93934295,23
2025,Travis Adams,701519,MIN,0.19620253,158,98.94133026,25
2025,Dauri Moreta,664294,PIT,0.27941176,68,98.99305263,29
2025,Hunter Harvey,640451,KCR,0.28205128,39,99.01880952,30
2025,Wandy Peralta,593974,SDP,0.20127796,313,99.04128208,33
2025,Dedniel Núñez,673380,NYM,0.26829268,41,99.10281081,29
2025,Garrett Whitlock,676477,BOS,0.3105802,293,99.10684746,29
2025,Osvaldo Bido,674370,ATH,0.18732782,363,99.14913745,29
2025,Reynaldo López,625643,ATL,0.04,25,99.16731183,31
2025,Jordan Leasure,673929,CHW,0.30111524,269,99.19789867,26
2025,Yu Darvish,506433,SDP,0.22972973,296,99.27536332,38
2025,Sammy Peralta,671111,LAA,0.15384615,52,99.29921569,27
2025,Jhonathan Díaz,646242,SEA,0.2,5,99.32384615,28
2025,Chris Murphy,669684,BOS,0.2027027,148,99.35159722,27
2025,George Soriano,666277,MIA,0.20809249,173,99.41307246,26
2025,Shelby Miller,571946,- - -,0.29032258,186,99.43486311,34
2025,Corbin Martin,656686,BAL,0.25842697,89,99.44242424,29
2025,Kyle Hart,606996,SDP,0.20670391,179,99.53780418,32
2025,Elvis Peguero,665625,- - -,0.17021277,47,99.58441489,28
2025,Tommy Nance,667297,TOR,0.25396825,126,99.61960954,34
2025,Andre Granillo,701552,STL,0.1978022,91,99.65983333,25
2025,Luis Gil,661563,NYY,0.16803279,244,99.67367115,27
2025,Jesse Hahn,534910,SEA,0.12,25,99.68181818,35
2025,José Buttó,676130,- - -,0.20422535,284,99.68666614,27
2025,Pierce Johnson,572955,ATL,0.24789916,238,99.76987603,34
2025,Kevin Gausman,592332,TOR,0.24387097,775,99.78407273,34
2025,Sean Reynolds,669308,SDP,0.21367521,117,99.84756834,27
2025,José De León,592254,BOS,0.28571429,28,99.89350427,32
2025,Luis Ortiz,682847,CLE,0.2513089,382,99.89922563,26
2025,Dylan Dodd,689266,ATL,0.22058824,136,99.91394393,27
2025,Jesus Tinoco,622786,MIA,0.125,80,99.92219269,30
2025,Brennan Bernardino,657514,BOS,0.19196429,224,99.94717649,33
2025,Ryan Yarbrough,642232,NYY,0.20833333,264,99.94929748,33
2025,Nestor Cortes,641482,- - -,0.18471338,157,100.103637,30
2025,Jeff Brigham,656257,ARI,0.16666667,18,100.1819048,33
2025,Tyler Alexander,641302,- - -,0.19385343,423,100.1869549,30
2025,Nick Mears,683232,MIL,0.2081448,221,100.2021641,28
2025,Nick Raquet,675919,STL,0.14285714,7,100.2851613,29
2025,Will Warren,701542,NYY,0.24050633,711,100.2940457,26
2025,Easton McGee,668834,MIL,0.20967742,62,100.3263393,27
2025,Chad Green,643338,TOR,0.18421053,190,100.3840678,34
2025,Anthony Veneziano,685107,- - -,0.21367521,117,100.4093894,27
2025,Ryan Gusto,687473,- - -,0.21412804,453,100.437279,26
2025,Matt Festa,670036,CLE,0.24778761,226,100.4633292,32
2025,Charlie Morton,450203,- - -,0.22782875,654,100.4784314,41
2025,Cade Gibson,806188,MIA,0.18695652,230,100.478982,27
2025,Jack Little,669193,LAD,0.14285714,14,100.4854545,27
2025,Jonah Tong,804636,NYM,0.25287356,87,100.5187062,22
2025,John Schreiber,670167,KCR,0.23396226,265,100.5493768,31
2025,Tyler Gilbert,656457,CHW,0.22790698,215,100.6843739,31
2025,Juan Mejia,675848,COL,0.2605364,261,100.7260448,24
2025,Philip Abner,691769,ARI,0.27777778,18,100.7311429,23
2025,Justin Steele,657006,CHC,0.22826087,92,100.7816613,29
2025,Dustin May,669160,- - -,0.21061644,584,100.8323755,27
2025,Mitch Spence,687765,ATH,0.176,375,100.8915095,27
2025,PJ Poulin,676571,WSN,0.24545455,110,100.9434368,28
2025,Sean Newcomb,656794,- - -,0.23273657,391,100.9461563,32
2025,Victor Mederos,682989,LAA,0.17283951,81,100.9590446,24
2025,Clarke Schmidt,657376,NYY,0.23101266,316,100.9881587,29
2025,Lake Bachar,669199,MIA,0.25337838,296,101.0624847,30
2025,Eric Orze,679358,TBR,0.2247191,178,101.1158354,27
2025,Andrew Kittredge,552640,- - -,0.30769231,208,101.1915481,35
2025,Tayler Saucedo,642048,SEA,0.18181818,66,101.2315517,32
2025,Yariel Rodríguez,684320,TOR,0.22147651,298,101.2351495,28
2025,Joey Lucchesi,664192,SFG,0.18787879,165,101.2491111,32
2025,Austin Warren,681810,NYM,0.26470588,34,101.2914286,29
2025,Kyle Leahy,681517,STL,0.22038567,363,101.3093579,28
2025,Sam Bachman,696147,LAA,0.19148936,94,101.3471856,25
2025,Seth Johnson,686751,PHI,0.31481481,54,101.3614953,26
2025,Collin Snider,676092,SEA,0.20168067,119,101.3785507,29
2025,Lou Trivino,642152,- - -,0.17874396,207,101.5035716,33
2025,Jake Woodford,663765,ARI,0.13529412,170,101.5097913,28
2025,Tim Mayza,641835,- - -,0.2027027,74,101.5433223,33
2025,Johan Oviedo,670912,PIT,0.24705882,170,101.5960902,27
2025,Jesús Luzardo,666200,PHI,0.28496042,758,101.6013621,27
2025,Taj Bradley,671737,- - -,0.20991736,605,101.6309316,24
2025,Hunter Stratton,676702,- - -,0.17977528,89,101.6716618,28
2025,Easton Lucas,687922,TOR,0.21296296,108,101.6944443,28
2025,Brenan Hanifee,669724,DET,0.15384615,260,101.7369671,27
2025,Chase Silseth,681217,LAA,0.26530612,49,101.7490995,25
2025,Lance McCullers Jr.,621121,HOU,0.22262774,274,101.7964376,31
2025,José Fermin,820862,LAA,0.25657895,152,101.886533,23
2025,Nick Burdi,595897,BOS,0.23809524,21,101.8870103,32
2025,Fraser Ellard,686642,CHW,0.2972973,74,101.908304,27
2025,Emmet Sheehan,686218,LAD,0.30584192,291,102.0534223,25
2025,Tanner Bibee,676440,CLE,0.21259843,762,102.0766078,26
2025,Josh Winckowski,670174,BOS,0.17307692,52,102.1342029,27
2025,Yaramil Hiraldo,682274,BAL,0.25,84,102.1498403,29
2025,Lucas Erceg,668674,KCR,0.19277108,249,102.1538477,30
2025,Brock Burke,656271,LAA,0.20233463,257,102.1656348,28
2025,Scott Barlow,605130,CIN,0.24752475,303,102.1773019,32
2025,Nick Sandlin,680704,TOR,0.23188406,69,102.1930584,28
2025,Max Kranick,668820,NYM,0.16891892,148,102.2263258,27
2025,Julian Fernández,642759,- - -,0.25,20,102.2310526,29
2025,Freddy Peralta,642547,MIL,0.28215768,723,102.2549806,29
2025,Anthony Banda,607455,LAD,0.22761194,268,102.2572044,31
2025,Will Klein,694361,LAD,0.3,70,102.2779518,25
2025,Bryce Miller,682243,SEA,0.18877551,392,102.3091049,26
2025,Nick Lodolo,666157,CIN,0.24299065,642,102.3314012,27
2025,Corbin Burnes,669203,ARI,0.23773585,265,102.3506362,30
2025,Chris Roycroft,688297,STL,0.14851485,101,102.401374,28
2025,Chase Shugart,663767,PIT,0.17127072,181,102.4234343,28
2025,Chase Dollander,801403,COL,0.18594104,441,102.4797182,23
2025,Yosver Zulueta,691172,CIN,0.15625,32,102.4904348,27
2025,Cooper Criswell,681867,BOS,0.1125,80,102.504058,28
2025,Fernando Cruz,518585,NYY,0.36,200,102.5238228,35
2025,Isaiah Campbell,663462,BOS,0.08571429,35,102.5262025,27
2025,Steven Matz,571927,- - -,0.19093851,309,102.5457104,34
2025,Gavin Williams,668909,CLE,0.24573864,704,102.5883271,25
2025,Jordan Romano,605447,PHI,0.2513369,187,102.6412,32
2025,Robert Garcia,676395,TEX,0.2527881,269,102.671405,29
2025,Seth Martinez,661527,MIA,0.14814815,27,102.6783333,30
2025,Jacob Latz,656641,TEX,0.2183908,348,102.6843704,29
2025,Luis Morales,806960,ATH,0.2160804,199,102.7068971,22
2025,Ryan Weathers,677960,MIA,0.22289157,166,102.7454688,25
2025,Ryan Johnson,696270,LAA,0.22222222,72,102.7628169,22
2025,Matt Sauer,669422,LAD,0.18604651,129,102.8186,26
2025,Keegan Akin,669211,BAL,0.22014925,268,102.8908839,30
2025,Yennier Cano,666974,BAL,0.21115538,251,102.891448,31
2025,Jackson Rutledge,671131,WSN,0.1969697,330,102.9052506,26
2025,Troy Taylor,700187,SEA,0.05405405,37,102.9097015,23
2025,Tyler Matzek,554431,NYY,0.2,35,102.9620472,34
2025,Rob Zastryzny,642239,MIL,0.21505376,93,102.9682987,33
2025,Gregory Santos,666619,SEA,0,36,102.9938462,25
2025,Yuki Matsui,673513,SDP,0.22426471,272,103.0881244,29
2025,Richard Fitts,690916,BOS,0.20512821,195,103.0910022,25
2025,Sean Manaea,640455,NYM,0.2851711,263,103.1019551,33
2025,Jonathan Bowlan,680742,KCR,0.25555556,180,103.1096286,28
2025,Luarbert Arias,678215,MIA,0.18181818,55,103.1260793,24
2025,Tyler Holton,663947,DET,0.20512821,312,103.1622833,29
2025,Rolddy Muñoz,691548,ATL,0.23809524,21,103.2171795,25
2025,Drey Jameson,686753,ARI,0,13,103.2313208,27
2025,Hurston Waldrep,694462,ATL,0.24017467,229,103.2408705,23
2025,Joel Payamps,606303,- - -,0.20512821,117,103.3816927,31
2025,Julian Merryweather,657240,CHC,0.17045455,88,103.3953276,33
2025,Joe Ryan,657746,MIN,0.28156749,689,103.4409139,29
2025,Génesis Cabrera,650893,- - -,0.18716578,187,103.5669898,28
2025,Jason Adam,592094,SDP,0.25925926,270,103.6286031,33
2025,Nate Pearson,663878,CHC,0.09333333,75,103.653405,28
2025,Ben Bowden,641386,ATH,0.14893617,47,103.6749733,30
2025,Spencer Arrighetti,681293,HOU,0.19871795,156,103.6849838,25
2025,Huascar Brazobán,623211,NYM,0.21755725,262,103.7547404,35
2025,Geoff Hartlieb,664129,- - -,0.20833333,24,103.78,31
2025,Dylan Lee,669276,ATL,0.28571429,266,103.7914208,30
2025,Brent Suter,608718,CIN,0.18213058,291,103.8587386,35
2025,Joe Mantiply,573009,ARI,0.13793103,58,103.9646875,34
2025,Ron Marinaccio,676760,SDP,0.28571429,42,103.9707317,29
2025,Grant Anderson,681982,MIL,0.24749164,299,103.977408,28
2025,Roddery Muñoz,682610,STL,0.2745098,51,104.0165789,25
2025,John Rooney,680701,HOU,0.33333333,6,104.0356522,28
2025,Orlando Ribalta,687377,WSN,0.20833333,120,104.0544289,27
2025,Jordan Wicks,696136,CHC,0.19402985,67,104.0673148,25
2025,Justin Wrobleski,680736,LAD,0.27142857,280,104.0827972,24
2025,Eduard Bazardo,660825,SEA,0.26198083,313,104.1104085,29
2025,Luis Curvelo,681168,TEX,0.23809524,84,104.1472,24
2025,Jayden Murray,681151,HOU,0.17021277,47,104.1693182,28
2025,Taylor Rogers,573124,- - -,0.239819,221,104.1830764,34
2025,Luinder Avila,679883,KCR,0.28571429,56,104.1976744,23
2025,Carlos Rodón,607074,NYY,0.25728771,789,104.2166375,32
2025,Justin Slaten,686580,BOS,0.18248175,137,104.2759839,27
2025,Phil Maton,664208,- - -,0.3266129,248,104.2824188,32
2025,Carmen Mlodzinski,669387,PIT,0.2124105,419,104.2894989,26
2025,Yohan Ramírez,670990,PIT,0.29032258,155,104.3580431,30
2025,Camilo Doval,666808,- - -,0.25899281,278,104.3858212,27
2025,John King,667463,STL,0.12612613,222,104.4372717,30
2025,Clay Holmes,605280,NYM,0.18220339,708,104.4379215,32
2025,Elvis Alvarado,665660,ATH,0.27322404,183,104.443103,26
2025,Rico Garcia,670329,- - -,0.26760563,142,104.4678834,31
2025,Carson Seymour,693313,SFG,0.16666667,156,104.5041813,26
2025,Penn Murfee,682171,CHW,0.20634921,63,104.5156034,31
2025,Logan Webb,657277,SFG,0.26168224,856,104.6548624,28
2025,Kyle Backhus,679775,ARI,0.19130435,115,104.7064637,27
2025,Kyle Finnegan,640448,- - -,0.24017467,229,104.758205,33
2025,Bryan Woo,693433,SEA,0.27086183,731,104.7684269,25
2025,Manuel Rodríguez,655889,TBR,0.20661157,121,104.7890398,28
2025,Luis Guerrero,692285,BOS,0.13888889,72,104.9936332,24
2025,Edward Cabrera,665795,MIA,0.25817556,581,105.0493232,27
2025,Jared Koenig,657649,MIL,0.25373134,268,105.0778248,31
2025,Jack Perkins,678022,ATH,0.22981366,161,105.1203012,25
2025,Robert Gasser,688107,MIL,0.17241379,29,105.1241176,26
2025,Chad Patrick,694477,MIL,0.25248509,503,105.1405653,26
2025,José Castillo,620454,- - -,0.20134228,149,105.1673925,29
2025,Michael Mercado,675650,PHI,0.2,20,105.2030588,26
2025,Justin Wilson,458677,BOS,0.27536232,207,105.2090686,37
2025,Joe Rock,697812,TBR,0.31428571,35,105.225,24
2025,Tanner Rainey,663432,- - -,0.23404255,47,105.2534509,32
2025,Braxton Ashcraft,677952,PIT,0.24315068,292,105.2577593,25
2025,Shawn Armstrong,542888,TEX,0.26056338,284,105.3259675,34
2025,AJ Blubaugh,805123,HOU,0.28225806,124,105.3292452,24
2025,Aaron Nola,605400,PHI,0.24009901,404,105.3595393,32
2025,Trey Yesavage,702056,TOR,0.25806452,62,105.5301255,21
2025,Drew Pomeranz,519141,CHC,0.28078818,203,105.6123995,36
2025,Cionel Pérez,672335,BAL,0.19090909,110,105.651796,29
2025,David Bednar,670280,- - -,0.34262948,251,105.6886914,30
2025,Braydon Fisher,680755,TOR,0.30693069,202,105.7126582,24
2025,Kyle Nicolas,693312,PIT,0.20359281,167,105.7546319,26
2025,Connor Brogdon,641401,LAA,0.24623116,199,105.7694838,30
2025,Will Vest,676684,DET,0.26408451,284,105.806649,30
2025,JoJo Romero,668941,STL,0.21568627,255,105.8239024,28
2025,Kody Funderburk,681892,MIN,0.21857923,183,105.8738836,28
2025,Zebby Matthews,805673,MIN,0.24858757,354,105.9955539,25
2025,Evan Sisk,681895,- - -,0.3125,80,106.0676801,28
2025,Brad Keller,641745,CHC,0.27173913,276,106.0807784,29
2025,Justin Verlander,434378,SFG,0.20694864,662,106.1094154,42
2025,Frankie Montas,593423,NYM,0.17977528,178,106.1339587,32
2025,Craig Kimbrel,518886,- - -,0.34693878,49,106.1684071,37
2025,Juan Burgos,686228,- - -,0.21538462,65,106.2461818,25
2025,Kaleb Ort,672391,HOU,0.25257732,194,106.3601529,33
2025,Ethan Roberts,681799,CHC,0.15384615,39,106.3795833,27
2025,Hoby Milner,571948,TEX,0.19795222,293,106.3950911,34
2025,Tyler Kinley,641755,- - -,0.23701299,308,106.4189556,34
2025,Clayton Beeter,690925,- - -,0.31730769,104,106.5497071,26
2025,Jayvien Sandridge,682144,NYY,0.33333333,6,106.5503226,26
2025,Troy Melton,675512,DET,0.2,180,106.5971386,24
2025,Wander Suero,593833,ATL,0.21875,32,106.652766,33
2025,Justin Lawrence,664875,PIT,0.33333333,69,106.6877778,30
2025,Chris Sale,519242,ATL,0.32352941,510,106.745925,36
2025,Carlos Hernández,672578,- - -,0.19211823,203,106.7691332,28
2025,Ryan Borucki,621366,- - -,0.22068966,145,106.7768119,31
2025,Bobby Miller,676272,LAD,0.25,28,106.8101724,26
2025,Brent Headrick,687396,NYY,0.32608696,92,106.8407671,27
2025,Cole Winn,668390,TEX,0.21604938,162,106.8478191,25
2025,Paul Skenes,694973,PIT,0.2946794,733,106.8507503,23
2025,Cole Henry,669371,WSN,0.21576763,241,106.9469043,25
2025,Michael Kelly,547184,ATH,0.1746988,166,106.9541553,32
2025,David Robertson,502085,PHI,0.28205128,78,106.959404,40
2025,Danny Coulombe,543056,- - -,0.24431818,176,106.9612706,35
2025,Forrest Whitley,666215,- - -,0.18181818,66,106.9714497,27
2025,Jeff Hoffman,656546,TOR,0.29268293,287,107.0014638,32
2025,Jack Leiter,683004,TEX,0.22910217,646,107.0108443,25
2025,Josh Simpson,681006,MIA,0.2384106,151,107.086459,27
2025,Bennett Sousa,656986,HOU,0.29648241,199,107.1163158,30
2025,Jorge Alcala,660896,- - -,0.23735409,257,107.1862078,29
2025,Hunter Brown,686613,HOU,0.28257888,729,107.1898442,26
2025,Porter Hodge,687863,CHC,0.27210884,147,107.2607736,24
2025,Shane Baz,669358,TBR,0.24753868,711,107.3835523,26
2025,Daysbel Hernández,678226,ATL,0.20121951,164,107.3960446,28
2025,Blade Tidwell,694918,NYM,0.12820513,78,107.3987055,24
2025,Casey Legumina,668984,SEA,0.25114155,219,107.4731846,28
2025,Erik Miller,669062,SFG,0.171875,128,107.6002079,27
2025,Dylan Cease,656302,SDP,0.29778393,722,107.6085535,29
2025,Tylor Megill,656731,NYM,0.29180328,305,107.6705519,29
2025,Aroldis Chapman,547973,BOS,0.37280702,228,107.725943,37
2025,Caleb Ferguson,657571,- - -,0.18888889,270,107.7783517,28
2025,Jeremiah Estrada,669093,SDP,0.35526316,304,107.9727805,26
2025,Jonathan Pintaro,702752,NYM,0.16666667,6,108.0082759,27
2025,Grant Wolfram,664991,BAL,0.23308271,133,108.0125,28
2025,Cade Smith,671922,CLE,0.34666667,300,108.0495246,26
2025,Ryne Nelson,669194,ARI,0.21324717,619,108.0560373,27
2025,Matt Strahm,621381,PHI,0.2734375,256,108.102004,33
2025,Erik Sabrowski,681870,CLE,0.34710744,121,108.13448,27
2025,Framber Valdez,664285,HOU,0.23316708,802,108.1515219,31
2025,Cade Cavalli,676917,WSN,0.1826484,219,108.3193333,26
2025,Sandy Alcantara,645261,MIA,0.19060403,745,108.3894175,29
2025,Bryan Baker,641329,- - -,0.30291971,274,108.3930075,30
2025,Michael Darrell-Hicks,690382,- - -,0.18604651,43,108.4744304,27
2025,Cam Booser,592155,CHW,0.24475524,143,108.5305079,33
2025,Bubba Chandler,696149,PIT,0.25,124,108.5361489,22
2025,Mick Abel,690953,- - -,0.22413793,174,108.5515937,23
2025,Luis García,472610,- - -,0.20600858,233,108.5717381,38
2025,Cam Sanders,676742,PIT,0.11764706,34,108.604375,28
2025,Justin Sterner,686993,ATH,0.26315789,266,108.6472599,28
2025,A.J. Minter,621345,NYM,0.31818182,44,108.6523913,31
2025,Jackson Jobe,695549,DET,0.17889908,218,108.675063,22
2025,Matt Bowman,621199,BAL,0.15789474,114,108.6791031,34
2025,Ryan Walker,676254,SFG,0.22556391,266,108.6876772,29
2025,Cole Ragans,666142,KCR,0.38132296,257,108.8084544,27
2025,Bradgley Rodriguez,699134,SDP,0.29032258,31,108.9237795,21
2025,Cody Bolton,675989,CLE,0.1,10,108.9695238,27
2025,Dietrich Enns,608650,- - -,0.245,200,109.0154899,34
2025,Joe Boyle,671212,TBR,0.25663717,226,109.0198524,25
2025,Caleb Freeman,673965,CHW,0.1875,16,109.0927536,27
2025,Griffin Jax,643377,- - -,0.34982332,283,109.1679189,30
2025,Noah Murdock,668716,ATH,0.21428571,98,109.1816203,26
2025,Tyler Ferguson,621053,ATH,0.2195122,246,109.2226545,31
2025,Ryan Pepiot,686752,TBR,0.24594993,679,109.4701558,27
2025,Jordan Hicks,663855,- - -,0.18471338,314,109.5984921,28
2025,Michel Otañez,671305,ATH,0.21428571,28,109.6083607,27
2025,Didier Fuentes,800311,ATL,0.17391304,69,109.611058,20
2025,Luis Severino,622663,ATH,0.17588652,705,109.6434078,31
2025,Edwin Díaz,621242,NYM,0.37984496,258,109.6551549,31
2025,Christian Roa,685005,MIA,0.25,12,109.6616667,26
2025,Eduarniel Núñez,674384,- - -,0.18333333,60,109.7120163,26
2025,Spencer Schwellenbach,680885,ATL,0.24884793,434,109.9032209,25
2025,Zach Pop,647315,- - -,0.07692308,39,109.9429921,28
2025,Jose A. Ferrer,678606,WSN,0.2191358,324,109.9474007,25
2025,Matt Svanson,694335,STL,0.29059829,234,110.0040994,26
2025,Alek Jacob,689690,SDP,0.1503268,153,110.0087372,27
2025,Ronny Henriquez,678692,MIA,0.32343234,303,110.0468394,25
2025,Seth Halvorsen,678020,COL,0.20809249,173,110.0830653,25
2025,Tyler Zuber,676604,- - -,0.23728814,59,110.1342101,30
2025,Bryan Abreu,650556,HOU,0.35472973,296,110.4268797,28
2025,Scott Effross,664123,NYY,0.11764706,51,110.6894634,31
2025,Jacob deGrom,594798,TEX,0.27653214,669,110.7269192,37
2025,Daniel Robert,642016,PHI,0.25423729,59,110.7433725,30
2025,Caleb Thielbar,573204,CHC,0.25454545,220,110.7743095,38
2025,Tanner Banks,621383,PHI,0.22846442,267,110.7889579,33
2025,Justin Martinez,679885,ARI,0.32835821,67,110.8286567,23
2025,Andrew Walters,689958,CLE,0.33333333,6,110.8517241,24
2025,Louis Varland,686973,- - -,0.25337838,296,111.0165736,27
2025,Luis Mey,682825,CIN,0.21875,96,111.0183575,24
2025,Zach Maxwell,687209,CIN,0.30232558,43,111.066303,24
2025,Kevin Kelly,687330,TBR,0.20467836,171,111.0738954,27
2025,Aaron Bummer,607481,ATL,0.21702128,235,111.1515491,31
2025,Ben Joyce,690829,LAA,0.05,20,111.1662857,24
2025,Justin Bruihl,677865,TOR,0.27692308,65,111.1826484,28
2025,Pete Fairbanks,664126,TBR,0.24180328,244,111.2556256,31
2025,Max Fried,608331,NYY,0.23595506,801,111.2777399,31
2025,Juan Morillo,666661,ARI,0.23684211,152,111.3178827,26
2025,Lucas Sims,608371,WSN,0.18055556,72,111.3431206,31
2025,Garrett Cleavinger,664076,TBR,0.33744856,243,111.3915062,31
2025,Matt Brash,666374,SEA,0.29145729,199,111.5972359,27
2025,Evan Phillips,623465,LAD,0.27272727,22,111.6276087,30
2025,Zack Wheeler,554430,PHI,0.33333333,585,111.6450398,35
2025,Brandon Sproat,687075,NYM,0.20238095,84,111.6672664,24
2025,Drew Rasmussen,656876,TBR,0.21709402,585,111.9451384,29
2025,Robert Stephenson,596112,LAA,0.23809524,42,112.0439474,32
2025,Emilio Pagán,641941,CIN,0.3,270,112.1090499,34
2025,Reid Detmers,672282,LAA,0.30075188,266,112.4223006,25
2025,Brant Hurter,676428,DET,0.24548736,277,112.6431425,26
2025,Brock Stewart,592779,- - -,0.27672956,159,112.7195605,33
2025,Gabe Speier,642100,SEA,0.33744856,243,112.7235396,30
2025,Blake Treinen,595014,LAD,0.27906977,129,112.756047,37
2025,Kade Strowd,669704,BAL,0.22857143,105,112.8243415,27
2025,José Alvarado,621237,PHI,0.28070175,114,112.8895595,30
2025,Robert Suarez,663158,SDP,0.27881041,269,112.9158131,34
2025,Chris Martin,455119,TEX,0.24712644,174,112.9763546,39
2025,Paul Sewald,623149,- - -,0.24691358,81,112.9826498,35
2025,Calvin Faucher,676534,MIA,0.23137255,255,113.1446063,29
2025,Riley O'Brien,676617,STL,0.22613065,199,113.2033907,30
2025,Zack Kelly,677161,BOS,0.23026316,152,113.2528374,30
2025,Seranthony Domínguez,622554,- - -,0.30268199,261,113.7861772,30
2025,Reed Garrett,657585,NYM,0.26890756,238,113.873574,32
2025,Adam Ottavino,493603,NYY,0.33333333,9,113.9541463,39
2025,Cam Schlittler,693645,NYY,0.27631579,304,114.0817444,24
2025,Cristopher Sánchez,650911,PHI,0.26270136,807,114.269113,28
2025,Bailey Horn,690544,DET,0.2,50,114.3275,27
2025,Kenley Jansen,445276,LAA,0.24358974,234,114.3738876,37
2025,Jonathan Loáisiga,642528,NYY,0.18518519,135,114.3757511,30
2025,Devin Williams,642207,NYY,0.34749035,259,114.3776598,30
2025,Chase Burns,695505,CIN,0.35638298,188,114.5617386,22
2025,Anthony Bender,669622,MIA,0.20588235,204,114.8585204,30
2025,Colin Holderman,670059,PIT,0.144,125,114.9322857,29
2025,Carlos Vargas,672841,SEA,0.16314199,331,115.1506391,25
2025,Steven Okert,595345,HOU,0.30434783,276,115.2580345,33
2025,David Morgan,688158,SDP,0.25906736,193,115.2779832,25
2025,Danny Young,664849,NYM,0.35135135,37,115.3021656,31
2025,Ty Adcock,686654,NYM,0.35714286,14,115.3362963,28
2025,Michael Petersen,656848,- - -,0.21518987,79,115.4471012,31
2025,Gavin Hollowell,668970,CHC,0.23255814,43,115.6386047,27
2025,Ryne Stanek,592773,NYM,0.22745098,255,115.8248211,33
2025,Tarik Skubal,669373,DET,0.32219251,748,116.0218851,28
2025,Brandyn Garcia,805299,- - -,0.21212121,66,116.0371119,25
2025,Garrett Crochet,676979,BOS,0.31326781,814,116.0578167,26
2025,Gregory Soto,642397,- - -,0.25089606,279,116.0711916,30
2025,Ben Casparius,676508,LAD,0.21321321,333,116.1530229,26
2025,Ryan Thompson,657044,ARI,0.20571429,175,116.2508075,33
2025,Daniel Palencia,694037,CHC,0.28372093,215,116.3348019,25
2025,Tanner Scott,656945,LAD,0.25210084,238,116.6577704,30
2025,Connor Phillips,683175,CIN,0.32653061,98,116.6828117,24
2025,A.J. Puk,640462,ARI,0.34285714,35,116.9805096,30
2025,Nolan McLean,690997,NYM,0.30319149,188,117.0229229,23
2025,Jake Bird,656234,- - -,0.26612903,248,117.1440748,29
2025,Brendon Little,663893,TOR,0.30847458,295,117.1663636,28
2025,Angel Zerpa,672582,KCR,0.21090909,275,117.1904382,25
2025,Abner Uribe,682842,MIL,0.30201342,298,117.4309326,25
2025,Brooks Raley,548384,NYM,0.25252525,99,117.5874419,37
2025,Michael Kopech,656629,LAD,0.22641509,53,117.6570435,29
2025,Eury Pérez,691587,MIA,0.27272727,385,117.8637725,22
2025,Mason Fluharty,689254,TOR,0.26046512,215,117.9849766,23
2025,Josh Hader,623352,HOU,0.36893204,206,118.2212619,31
2025,Jacob Misiorowski,694819,MIL,0.31868132,273,118.5782323,23
2025,Steven Cruz,674444,KCR,0.2010582,189,118.5825657,26
2025,Yimi García,554340,TOR,0.27777778,90,118.8052632,34
2025,Alex Vesia,681911,LAD,0.33755274,237,118.9587992,29
2025,Payton Tolle,801139,BOS,0.25675676,74,119.1344737,22
2025,Shohei Ohtani,660271,LAD,0.32978723,188,119.4801062,30
2025,Adrian Morejon,670970,SDP,0.24475524,286,119.7041434,26
2025,Andrés Muñoz,662253,SEA,0.32677165,254,120.0842012,26
2025,Ryan Zeferjahn,666171,LAA,0.28404669,257,120.9235848,27
2025,Randy Rodríguez,678495,SFG,0.33838384,198,121.48,25
2025,Orion Kerkering,689147,PHI,0.2443609,266,121.7416362,24
2025,Emmanuel Clase,661403,CLE,0.23383085,201,121.8306702,27
2025,Graham Ashcraft,668933,CIN,0.22535211,284,121.9350921,27
2025,Tim Hill,657612,NYY,0.13754647,269,122.3705039,35
2025,Aaron Ashby,676879,MIL,0.28148148,270,122.7512814,27
2025,Mason Miller,695243,- - -,0.44444444,234,122.8171077,26
2025,Hunter Greene,668881,CIN,0.31428571,420,123.5476879,25
2025,Joel Peguero,666711,SFG,0.19767442,86,123.5761783,28
2025,Mason Montgomery,682254,TBR,0.30143541,209,124.7506792,25
2025,Jhoan Duran,661395,- - -,0.27874564,287,125.3399635,27
2025,Ryan Helsley,664854,- - -,0.25,252,127.3539259,30
2025,Tyler Rogers,643511,- - -,0.16053512,299,127.8936465,34
2025,Trevor Megill,656730,MIL,0.3125,192,128.4253723,31
2025,Edgardo Henriquez,683618,LAD,0.23076923,78,130.8191398,23